mean_return,std_return,mean_length,std_length,seed
39.27133213345522,0.939397877190667,22.46,0.5730619512757762,42
