mean_return,std_return,mean_length,std_length,seed
930.0031261903925,63.59417031509412,268.88,18.233639241797015,42
