mean_return,std_return,mean_length,std_length,seed
301.9587922512886,4.051840704347982,127.06,1.541557653803451,1
