mean_return,std_return,mean_length,std_length,seed
154.37832499818072,2.1025034644016323,183.98,2.5844922131823105,1
