mean_return,std_return,mean_length,std_length,seed
39.53618697971969,0.8394510443612159,22.62,0.5055689863905816,42
39.57690416019503,0.9702537297433448,22.66,0.5695612346359257,123
86.39031731192522,0.8150983367290187,49.57,0.4950757517794625,456
1053.9139915327216,0.7107655505210311,1000.0,0.0,42
57.32580035500885,147.77327721229958,27.85,45.968766570357324,123
656.0406849632241,108.22934474207821,200.15,25.749708736216803,456
