mean_return,std_return,mean_length,std_length,seed
1.6559913725104525,0.4893785561471354,13.73,0.4439594576084623,42
85.33903451682494,9.80097474929779,47.96,4.386160051799295,123
