mean_return,std_return,mean_length,std_length,seed
4.678701305086658,0.6162978606364882,18.04,0.6916646586316233,42
215.93194052223896,90.40441979879242,123.65,43.5557975475137,123
203.57572870290477,38.46039599387583,94.95,14.248771876902234,456
