mean_return,std_return,mean_length,std_length,seed
4.678701305086658,0.6162978606364882,18.04,0.6916646586316233,42
215.93194052223896,90.40441979879242,123.65,43.5557975475137,123
203.5757287029048,38.46039599387583,94.95,14.248771876902234,456
155.94128878831654,22.250946812571303,78.36,6.22176823740647,42
209.6105623398351,77.54548768143052,112.77,32.307229841012365,123
769.0382399473223,452.8026526023491,279.95,134.27742736588306,456
164.9250057535568,22.42333383302232,88.4,9.73242004847715,42
241.27212810228303,59.646603567538776,150.27,52.55832093969517,123
2211.5557509962314,908.0149991068889,466.1,159.0544246476658,42
