mean_return,std_return,mean_length,std_length,seed
-21.5748874754352,4.7072998847783,100.93,5.204334731740455,42
-30.735425628773672,1.423353796930739,82.94,2.469088900789115,123
