mean_return,std_return,mean_length,std_length,seed
-11.687414807485595,0.2715885823730944,15.9,0.3,42
