mean_return,std_return,mean_length,std_length,seed
-11.687414807485595,0.2715885823730944,15.9,0.3,42
-12.52357724219212,0.1753570189806263,14.0,0.0,123
-10.757921175995573,0.29355111550945234,16.91,0.2861817604250837,456
