mean_return,std_return,mean_length,std_length,seed
6877.130160223677,680.8556467024395,1000.0,0.0,1
