mean_return,std_return,mean_length,std_length,seed
2028.1353281120912,481.47223622875913,631.55,140.31474441412064,1
