mean_return,std_return,mean_length,std_length,seed
184.47103433445315,39.96102196756578,136.14,22.310544592187792,1
