mean_return,std_return,mean_length,std_length,seed
210.19226508652073,1.2039310299545856,95.32,0.6305553108173779,1
