mean_return,std_return,mean_length,std_length,seed
7.4801248386553185,0.3421553897103498,15.5,0.5,1
