mean_return,std_return,mean_length,std_length,seed
171.64838343349808,61.896024210559396,118.46,37.08029665469251,1
