mean_return,std_return,mean_length,std_length,seed
279.68541167269706,62.66513195504237,181.84,19.37354897792348,1
