mean_return,std_return,mean_length,std_length,seed
5.671689665212665,0.03485324966340851,10.0,0.0,1
