mean_return,std_return,mean_length,std_length,seed
304.045286525959,24.437153009197605,138.23,8.67739016064162,1
