mean_return,std_return,mean_length,std_length,seed
48.40568764870849,2.5728326396639867,67.07,1.2981140165640304,1
