mean_return,std_return,mean_length,std_length,seed
4.256569106385483,0.6133177714962182,45.01,0.09949874371066202,1
