mean_return,std_return,mean_length,std_length,seed
13.244331656943986,53.19777172532354,81.1,31.960444302293418,1
