mean_return,std_return,mean_length,std_length,seed
256.12717413199016,30.370777385363745,143.12,24.013446233308535,1
