mean_return,std_return,mean_length,std_length,seed
48.16295520206998,56.812560447254164,85.49,35.4602580362862,1
