mean_return,std_return,mean_length,std_length,seed
5.714454364939857,0.98440953444557,50.94,0.46518813398452025,1
