mean_return,std_return,mean_length,std_length,seed
-6.332697220904842,0.12501183346327158,11.0,0.0,1
