mean_return,std_return,mean_length,std_length,seed
115.57673537407796,127.3092145132453,175.51,47.6194277580065,1
