mean_return,std_return,mean_length,std_length,seed
247.61125191088627,15.127498231584807,157.96,11.78212204995348,1
