mean_return,std_return,mean_length,std_length,seed
-166.6411122222309,53.021761973786965,168.01,36.312393201219884,1
