mean_return,std_return,mean_length,std_length,seed
166.0982256023779,79.75917538383553,90.6,27.93170241857807,1
