mean_return,std_return,mean_length,std_length,seed
120.7285124167064,84.474648360656,111.63,26.475896585384977,1
