mean_return,std_return,mean_length,std_length,seed
190.6052973870782,20.01791494573718,85.87,9.804748849409657,1
