mean_return,std_return,mean_length,std_length,seed
86.09503502395548,113.85807548077646,163.23,94.40867068230546,1
