mean_return,std_return,mean_length,std_length,seed
23.913617645636815,1.627804585245192,43.52,1.3962807740565648,1
