mean_return,std_return,mean_length,std_length,seed
124.3107136623236,18.27380769120872,62.91,6.537728963485716,1
