mean_return,std_return,mean_length,std_length,seed
8161.370924049418,1065.6364910950083,1000.0,0.0,42
8169.218569222643,526.9301802167055,1000.0,0.0,123
6695.625122035974,2427.304014801582,1000.0,0.0,456
