mean_return,std_return,mean_length,std_length,seed
8161.370924049418,1065.6364910950083,1000.0,0.0,42
