mean_return,std_return,mean_length,std_length,seed
82.22051307331509,101.15353592991859,104.35,65.789569842035,1
