mean_return,std_return,mean_length,std_length,seed
5.144348686430716,0.6430361612160904,43.22,0.4142463035441597,1
