mean_return,std_return,mean_length,std_length,seed
79.88143004208133,41.564771111963076,191.42,24.04752793947852,1
