mean_return,std_return,mean_length,std_length,seed
6.606112640439239,0.8656454701374519,44.76,0.8380930735902786,1
