mean_return,std_return,mean_length,std_length,seed
92.38004311670922,11.404780865945488,93.86,6.120490176448289,1
