mean_return,std_return,mean_length,std_length,seed
308.55500574498706,118.45977892498362,150.8,42.67598856499988,1
