mean_return,std_return,mean_length,std_length,seed
514.1030638218962,326.7237243949218,287.32,126.40695234044685,1
