mean_return,std_return,mean_length,std_length,seed
8.065313539318398,0.5999559674197162,46.08,0.2712931993250107,1
