mean_return,std_return,mean_length,std_length,seed
98.11960785257675,26.673991518255697,97.1,13.51332675546625,1
