mean_return,std_return,mean_length,std_length,seed
0.17651474966747382,0.20202958964588918,16.62,0.48538644398046393,1
