mean_return,std_return,mean_length,std_length,seed
102.13368607138774,188.71368984775927,169.96,171.1584599136134,1
