mean_return,std_return,mean_length,std_length,seed
90.37370177980995,85.94229414237073,98.37,50.215267598609884,1
