seed,mean_return,std_return,mean_length,std_length
1,-338.3345807352937,1.4805485089721786,1000.0,0.0
