seed,mean_return,std_return,mean_length,std_length
1,210.14372514445424,28.249093823165246,1000.0,0.0
