seed,mean_return,std_return,mean_length,std_length
1,11.83873963166737,0.636320268237588,15.356,1.8339203908567026
