seed,mean_return,std_return,mean_length,std_length
1,7.332538404918825,1.018299783646405,13.067,3.120338282943053
