mean_return,std_return,mean_length,std_length,seed
2906.2826455272916,1931.3171350027405,1000.0,0.0,42
