mean_return,std_return,mean_length,std_length,seed
5140.40599129799,3188.870248208217,1000.0,0.0,1
