mean_return,std_return,mean_length,std_length,seed
4793.132635644835,3112.606957518955,1000.0,0.0,1
