mean_return,std_return,mean_length,std_length,seed
8771.625993712933,3340.192500495504,1000.0,0.0,1
