mean_return,std_return,mean_length,std_length,seed
143.90853981461487,6.268128554481709,77.48,1.8998947339260668,42
7.195328317625092,1.8860903384727128,16.79,1.070467187726929,123
196.6367455134058,102.03611541456934,102.84,29.61307819190704,456
22.01099627854447,1.6150819239247225,43.75,0.8170067319184096,456
259.716636722347,133.53208046698214,147.74,42.14560949849936,123
15.877, 29.362
