mean_return,std_return,mean_length,std_length,seed
143.90853981461487,6.268128554481709,77.48,1.8998947339260668,42
