mean_return,std_return,mean_length,std_length,seed
143.90853981461487,6.268128554481709,77.48,1.8998947339260668,42
7.195328317625092,1.8860903384727126,16.79,1.070467187726929,123
