mean_return,std_return,mean_length,std_length,seed
169.66321412821893,18.71165858096463,75.86,4.905140161096317,42.0
192.00956088337412,4.933906099736263,92.32,2.813823022153312,123.0
-19.78864190323337,1.2732020966915103,45.72,0.9703607576566563,456.0
