mean_return,std_return,mean_length,std_length,seed
104.72981538025232,83.04390367533883,180.1,59.28279683010916,1
