mean_return,std_return,mean_length,std_length,seed
141.9633398779299,50.668890630892626,97.48,13.068649509417568,1
