mean_return,std_return,mean_length,std_length,seed
135.43222941000494,100.65060690119836,220.34,45.41194116088851,1
