mean_return,std_return,mean_length,std_length,seed
1007.5780896781274,188.98446857804046,951.32,192.70925665364393,1
