mean_return,std_return,mean_length,std_length,seed
4987.48958780473,1740.4434166764079,1000.0,0.0,42
