mean_return,std_return,mean_length,std_length,seed
10250.641143968363,2460.841586180791,1000.0,0.0,42
