mean_return,std_return,mean_length,std_length,seed
995.7541939536172,1.4448839268401057,1000.0,0.0,42.0
9.89598562927318,3.805195388541109,16.66,9.59189240973855,123.0
45.659,18.613,,,
27.48484987428873,0.7179991392236942,23.06,0.4431703961232068,2.0
2527.532255394457,753.8311987928151,695.15,201.7086202917466,42.0
695.0715787089036,143.01876102687766,210.14,33.03786312702442,123.0
662.6504890104073,65.49158940300228,214.32,17.580602947566955,456.0
