mean_return,std_return,mean_length,std_length,seed
3.603346230627484,0.1707119376267343,8.4,0.4898979485566356,2
148.7411769638266,30.907222580215407,72.08,9.838373849371656,3
256.0575763215435,5.289859290125422,246.81,4.973318811417583,4
609.5807864677597,47.094414180826625,193.85,10.888870464837021,2
