mean_return,std_return,mean_length,std_length,seed
5420.72178802692,3095.9922488712946,1000.0,0.0,1
