mean_return,std_return,mean_length,std_length,seed
8904.180535710604,3344.5121870651237,1000.0,0.0,1
