mean_return,std_return,mean_length,std_length,seed
4963.486932723201,3170.715642256178,1000.0,0.0,1
