mean_return,std_return,mean_length,std_length,seed
49.10705969380277,1.3303637155097563,32.2,0.7071067811865475,42
42.00033827189947,0.7397702145597792,30.39,0.4877499359302879,123
