mean_return,std_return,mean_length,std_length,seed
49.10705969380277,1.3303637155097563,32.2,0.7071067811865475,42
42.00033827189947,0.7397702145597792,30.39,0.4877499359302879,123
212.3936482623789,145.15902286820983,105.21,57.071760968100506,456
254.12445723205911,1.8289080374313105,102.44,0.7116178749862878,42
38.907388599258304,0.8537155753185353,22.17,0.5109794516416487,123
477.4046109990514,66.23744953028422,160.61,16.228921714026473,456
