mean_return,std_return,mean_length,std_length,seed
5478.585598048962,3549.9876464239937,1000.0,0.0,1
