mean_return,std_return,mean_length,std_length,seed
5192.4404136817775,3934.0645787861436,1000.0,0.0,1
