mean_return,std_return,mean_length,std_length,seed
6779.217653191765,3283.7066435537467,1000.0,0.0,1
