mean_return,std_return,mean_length,std_length,seed
3200.026520867387,2949.53870423327,1000.0,0.0,1
