mean_return,std_return,mean_length,std_length,seed
9556.249501918137,3215.7089414979655,1000.0,0.0,1
