mean_return,std_return,mean_length,std_length,seed
3970.201206815517,2667.2049519486277,1000.0,0.0,1
