mean_return,std_return,mean_length,std_length,seed
6284.060576884572,3468.14817338819,1000.0,0.0,1
