mean_return,std_return,mean_length,std_length,seed
7406.191535536882,3934.8266947521056,1000.0,0.0,1
