mean_return,std_return,mean_length,std_length,seed
6619.485007264295,4474.034922648217,1000.0,0.0,1
