mean_return,std_return,mean_length,std_length,seed
9826.390118609812,3226.773898532259,1000.0,0.0,1
