mean_return,std_return,mean_length,std_length,seed
2975.136360298436,2172.19651243601,1000.0,0.0,1
