mean_return,std_return,mean_length,std_length,seed
7537.215982679904,3367.771287711513,1000.0,0.0,1
