mean_return,std_return,mean_length,std_length,seed
-1.452375748620975,0.6281450078346825,1000.0,0.0,1
