mean_return,std_return,mean_length,std_length,seed
3856.2602222563746,2462.6077549473043,1000.0,0.0,1
