mean_return,std_return,mean_length,std_length,seed
2920.727222536414,2619.667000893026,1000.0,0.0,1
