mean_return,std_return,mean_length,std_length,seed
27.800776151322097,0.8171703442669496,20.36,0.48,42
38.533188804165135,1.2484744329595971,28.16,0.8569714114251419,123
644.9291223100105,175.85467867458638,221.1,43.49586187213676,456
498.2921128038933,124.73585095850665,163.46,27.870923917229582,42
365.5203441623646,1.839890716194783,135.0,0.7071067811865476,123
25.822034573200245,0.6320733037439208,23.03,0.3861346915261565,456
