mean_return,std_return,mean_length,std_length,seed
100.1330353574951,2.142625918717201,53.4,0.848528137423857,1
