mean_return,std_return,mean_length,std_length,seed
28.95915054696548,7.783891787759915,24.15,3.4680686267719674,1
