mean_return,std_return,mean_length,std_length,seed
19.699127796389604,0.7079643143896862,18.52,0.4995998398718718,1
