mean_return,std_return,mean_length,std_length,seed
249.54284837489715,1.65615345267111,105.95,0.6538348415311009,1
