mean_return,std_return,mean_length,std_length,seed
627.2528000128543,82.68604475485441,198.1,18.52322866025251,1
