mean_return,std_return,mean_length,std_length,seed
296.71644847240407,56.30198599817326,114.28,18.295398328541523,1
