mean_return,std_return,mean_length,std_length,seed
10057.46052573966,3062.471866016815,1000.0,0.0,42
6623.457325813646,3426.069359205179,1000.0,0.0,123
11665.9, 0, 1000.0,0.0,1
