mean_return,std_return,mean_length,std_length,seed
11573.322636630122,604.7005203636461,1000.0,0.0,2
5648.707069215991,4262.978600224285,1000.0,0.0,3
10274.519191034888,2812.0346177419538,1000.0,0.0,4
