mean_return,std_return,mean_length,std_length,seed
10192.003,3569.485,0.0,0.0,42
7298.834936115227,3656.4754886074447,1000.0,0.0,123
8902.349636437146,4046.566207237038,1000.0,0.0,456
