mean_return,std_return,mean_length,std_length,seed
8646.23561418268,3515.161973565147,1000.0,0.0,123
6602.829292619334,3324.5354136859582,1000.0,0.0,456
