mean_return,std_return,mean_length,std_length,seed
8646.23561418268,3515.161973565147,1000.0,0.0,123
