mean_return,std_return,mean_length,std_length,seed
7296.5051603878555,3669.1001223268954,1000.0,0.0,1
