mean_return,std_return,mean_length,std_length,seed
11356.834970217315,1975.469809626617,1000.0,0.0,1
