mean_return,std_return,mean_length,std_length,seed
8705.020360715722,3608.4465358482043,1000.0,0.0,1
