mean_return,std_return,mean_length,std_length,seed
11665.92078014458,1014.6348985256652,1000.0,0.0,1
