mean_return,std_return,mean_length,std_length,seed
10226.738658482665,2773.9373506485895,1000.0,0.0,1
