mean_return,std_return,mean_length,std_length,seed
10588.836902391187,2920.3156108111293,1000.0,0.0,1
