mean_return,std_return,mean_length,std_length,seed
-1.482933507636609,0.7414055162593577,1000.0,0.0,1
