mean_return,std_return,mean_length,std_length,seed
6546.544472523974,3482.960236072045,1000.0,0.0,1
