mean_return,std_return,mean_length,std_length,seed
1319.1219645780916,627.6103422687054,473.08,143.67196525418592,1
