mean_return,std_return,mean_length,std_length,seed
177.74086681444925,15.935093589926657,89.05,6.402148077012903,1
