{
  "num_samples": 1000,
  "elbo_mean": -3.6038432121276855,
  "elbo_std": 17.514631271362305,
  "nll_mean": 3.6038432121276855,
  "nll_std": 17.514631271362305,
  "percentile_1.0_logp": -50.35633087158203,
  "threshold": -50.35633087158203
}