mean_return,std_return,mean_length,std_length,seed
102.5265207076013,158.43207383700135,145.34,52.73105726230037,1
