mean_return,std_return,mean_length,std_length,seed
75.10446199268893,12.811736086341615,240.33,17.328620833753618,1
