mean_return,std_return,mean_length,std_length,seed
10681.9401532873,2615.1822028948927,1000.0,0.0,42
11160.69801153296,2226.939087411168,1000.0,0.0,123
10634.784,2928.364,0.0,0.0,456
9033.939321426084,3751.929021522471,1000.0,0.0,123
10359.034841892675,3034.316527012003,1000.0,0.0,456
