mean_return,std_return,mean_length,std_length,seed
10681.9401532873,2615.1822028948927,1000.0,0.0,42
11160.69801153296,2226.9390874111677,1000.0,0.0,123
