mean_return,std_return,mean_length,std_length,seed
9722.983297552135,3227.7707993985264,1000.0,0.0,1
