mean_return,std_return,mean_length,std_length,seed
8886.487193895324,3510.332183004494,1000.0,0.0,1
