mean_return,std_return,mean_length,std_length,seed
10602.67610380536,2455.5271622777336,1000.0,0.0,1
