mean_return,std_return,mean_length,std_length,seed
5837.417399960602,3250.6692704412203,1000.0,0.0,1
