mean_return,std_return,mean_length,std_length,seed
8788.524668706184,3459.4588725879994,1000.0,0.0,1
