mean_return,std_return,mean_length,std_length,seed
10771.944086524407,2242.257475870784,1000.0,0.0,1
