mean_return,std_return,mean_length,std_length,seed
70.76912695936146,19.71437456349177,39.57,9.186136293349888,1
