mean_return,std_return,mean_length,std_length,seed
115.52066063657341,23.635617661212855,62.37,9.656764468495645,1
