mean_return,std_return,mean_length,std_length,seed
582.7257789596123,6.623159379421356,189.46,1.7112568480505783,1
