mean_return,std_return,mean_length,std_length,seed
71.975819277124,1.256893806272478,41.99,0.5743692192309752,1
