mean_return,std_return,mean_length,std_length,seed
1546.269268715013,997.6153274421858,484.74,283.3160997896166,1
