mean_return,std_return,mean_length,std_length,seed
6509.520549220707,2635.196073660561,1000.0,0.0,42
4395.973377213145,2889.428665934027,1000.0,0.0,123
