mean_return,std_return,mean_length,std_length,seed
6509.520549220707,2635.196073660561,1000.0,0.0,42
4395.973377213145,2889.428665934027,1000.0,0.0,123
7938.218826403235,672.3895905910776,1000.0,0.0,456
7417.5684171725,1689.3668593603763,1000.0,0.0,42
7989.184205644679,1387.1833171586234,1000.0,0.0,123
8189.449539801598,960.4400996203663,1000.0,0.0,456
