mean_return,std_return,mean_length,std_length,seed
54.80321145829466,97.30585321409791,59.59,41.89966467646251,1
