mean_return,std_return,mean_length,std_length,seed
18.918012615166273,11.46249473924167,144.41,12.642068659835699,1
