mean_return,std_return,mean_length,std_length,seed
429.3062120309937,52.02327895339166,247.76,26.501743338882445,1
