mean_return,std_return,mean_length,std_length,seed
48.15244111357085,93.01494455702446,52.25,40.2724161182316,1
