mean_return,std_return,mean_length,std_length,seed
242.10696380198914,162.9569602948922,141.21,99.6915538047231,1
