mean_return,std_return,mean_length,std_length,seed
-32.17012672063713,3.577833647334398,80.48,2.6887915501206114,1
