mean_return,std_return,mean_length,std_length,seed
-0.6803252949880192,0.30929250154356835,15.22,1.5071828024496563,1
