mean_return,std_return,mean_length,std_length,seed
4.312329487339815,9.929591723078163,27.47,12.252718065800748,1
