mean_return,std_return,mean_length,std_length,seed
103.46585240067729,170.40966409614117,127.67,57.03736582276569,1
