mean_return,std_return,mean_length,std_length,seed
153.44712081513043,54.965326671684934,109.53,28.200161347056156,1
