mean_return,std_return,mean_length,std_length,seed
42.8414547573756,4.637493370006085,50.88,3.0142329040736047,1
