mean_return,std_return,mean_length,std_length,seed
-6.16955183700315,0.1286713196376192,11.02,0.13999999999999999,1
