mean_return,std_return,mean_length,std_length,seed
93.63088969974068,86.47662565469516,144.57,74.63447661771335,1
