mean_return,std_return,mean_length,std_length,seed
4.434593221838063,0.5635001598397179,45.47,0.49909918853871127,1
