{
  "realnvp": {
    "model_name": "realnvp",
    "metrics": {
      "train_correlation": 0.8804870895332001,
      "val_correlation": 0.8847072037875908,
      "test_correlation": 0.8649923748387167,
      "ood_easy_correlation": 0.16707996056462596,
      "ood_medium_correlation": 0.29976033428258825,
      "ood_hard_correlation": -0.6108569135086146,
      "ood_very_hard_correlation": 0.47497082669586854,
      "easy_auroc": 0.999682,
      "easy_auprc": 0.9998096202512132,
      "medium_auroc": 1.0,
      "medium_auprc": 1.0,
      "hard_auroc": 0.9939909999999998,
      "hard_auprc": 0.9964826809243048,
      "very_hard_auroc": 0.985267,
      "very_hard_auprc": 0.9928807416021288
    },
    "score_statistics": {
      "train": {
        "mean": -3.7893476486206055,
        "std": 0.9753759503364563,
        "min": -15.889994621276855,
        "max": -2.751316785812378,
        "median": -3.505207061767578,
        "q25": -4.085990905761719,
        "q75": -3.1545467376708984
      },
      "val": {
        "mean": -3.8439064025878906,
        "std": 1.077857494354248,
        "min": -11.999427795410156,
        "max": -2.7534682750701904,
        "median": -3.515301465988159,
        "q25": -4.142830848693848,
        "q75": -3.1516339778900146
      },
      "test": {
        "mean": -3.7563042640686035,
        "std": 0.8891764879226685,
        "min": -11.08296012878418,
        "max": -2.751713275909424,
        "median": -3.499851703643799,
        "q25": -4.0695085525512695,
        "q75": -3.136441707611084
      },
      "ood_easy": {
        "mean": -4809.13916015625,
        "std": 7848.0869140625,
        "min": -56478.38671875,
        "max": -3.8735098838806152,
        "median": -1226.96240234375,
        "q25": -6064.2255859375,
        "q75": -370.39886474609375
      },
      "ood_medium": {
        "mean": -228.49241638183594,
        "std": 95.60400390625,
        "min": -604.5940551757812,
        "max": -16.704317092895508,
        "median": -227.06236267089844,
        "q25": -287.89404296875,
        "q75": -171.0955047607422
      },
      "ood_hard": {
        "mean": -25.237092971801758,
        "std": 12.736173629760742,
        "min": -58.5389518737793,
        "max": -3.257965564727783,
        "median": -24.25850486755371,
        "q25": -32.757118225097656,
        "q75": -16.20640754699707
      },
      "ood_very_hard": {
        "mean": -11.950443267822266,
        "std": 12.645259857177734,
        "min": -125.53397369384766,
        "max": -4.050534248352051,
        "median": -8.71303939819336,
        "q25": -11.879758834838867,
        "q75": -6.847738265991211
      }
    }
  },
  "vae": {
    "model_name": "vae",
    "metrics": {
      "train_correlation": 0.2662186749614009,
      "val_correlation": 0.24494338796789653,
      "test_correlation": 0.15505561450049327,
      "ood_easy_correlation": 0.10208619805327697,
      "ood_medium_correlation": 0.826260837635743,
      "ood_hard_correlation": 0.16460876414040695,
      "ood_very_hard_correlation": 0.38640920305166754,
      "easy_auroc": 0.9991654999999999,
      "easy_auprc": 0.9994452175451998,
      "medium_auroc": 0.997848,
      "medium_auprc": 0.999213955690493,
      "hard_auroc": 0.7954465000000001,
      "hard_auprc": 0.8459311463271502,
      "very_hard_auroc": 0.8441555,
      "very_hard_auprc": 0.8890990535686256
    },
    "score_statistics": {
      "train": {
        "mean": -0.7978425621986389,
        "std": 1.4002352952957153,
        "min": -43.004310607910156,
        "max": -9.085774217965081e-05,
        "median": -0.4760898947715759,
        "q25": -0.9686355590820312,
        "q75": -0.2013757824897766
      },
      "val": {
        "mean": -0.8044618368148804,
        "std": 1.4526264667510986,
        "min": -35.147308349609375,
        "max": -0.00027942025917582214,
        "median": -0.4718829095363617,
        "q25": -0.997296154499054,
        "q75": -0.19562003016471863
      },
      "test": {
        "mean": -0.8287041187286377,
        "std": 2.0763072967529297,
        "min": -51.09003448486328,
        "max": -1.7794260202208534e-05,
        "median": -0.4916810989379883,
        "q25": -0.9466648697853088,
        "q75": -0.20872579514980316
      },
      "ood_easy": {
        "mean": -6114763.5,
        "std": 54131368.0,
        "min": -1144767488.0,
        "max": -0.4007134735584259,
        "median": -1295.7724609375,
        "q25": -4297.580078125,
        "q75": -518.7532958984375
      },
      "ood_medium": {
        "mean": -24.46190071105957,
        "std": 10.075522422790527,
        "min": -66.78285217285156,
        "max": -2.983924388885498,
        "median": -23.234962463378906,
        "q25": -30.686113357543945,
        "q75": -16.951765060424805
      },
      "ood_hard": {
        "mean": -3.9538536071777344,
        "std": 4.59495735168457,
        "min": -38.19068145751953,
        "max": -0.005638759583234787,
        "median": -2.3682467937469482,
        "q25": -5.745158672332764,
        "q75": -0.7435702085494995
      },
      "ood_very_hard": {
        "mean": -2.915635824203491,
        "std": 2.671604871749878,
        "min": -27.215679168701172,
        "max": -0.0025262872222810984,
        "median": -2.3510684967041016,
        "q25": -3.9058845043182373,
        "q75": -1.1146942377090454
      }
    }
  },
  "kde": {
    "model_name": "kde",
    "metrics": {
      "train_correlation": 0.8296553811301631,
      "val_correlation": 0.8601190808844663,
      "test_correlation": 0.8615991200483709,
      "ood_easy_correlation": 0.3812086683323721,
      "ood_medium_correlation": 0.9694987146130607,
      "ood_hard_correlation": 0.9492423488573906,
      "ood_very_hard_correlation": 0.9515143405099774,
      "easy_auroc": 0.999714,
      "easy_auprc": 0.9998317141393593,
      "medium_auroc": 1.0,
      "medium_auprc": 1.0,
      "hard_auroc": 1.0,
      "hard_auprc": 1.0,
      "very_hard_auroc": 0.9935247500000001,
      "very_hard_auprc": 0.9969455533752183
    },
    "score_statistics": {
      "train": {
        "mean": -0.0036358553916215897,
        "std": 0.007078325375914574,
        "min": -0.15610823035240173,
        "max": -0.0005605599726550281,
        "median": -0.0016136665362864733,
        "q25": -0.0032680777367204428,
        "q75": -0.001149659394286573
      },
      "val": {
        "mean": -0.003986068069934845,
        "std": 0.007457547355443239,
        "min": -0.1343931406736374,
        "max": -0.0005591883091256022,
        "median": -0.0016771305818110704,
        "q25": -0.0035356725566089153,
        "q75": -0.0011638168944045901
      },
      "test": {
        "mean": -0.0033591194078326225,
        "std": 0.005168209783732891,
        "min": -0.07343333959579468,
        "max": -0.0005606195772998035,
        "median": -0.0016715183155611157,
        "q25": -0.003256790339946747,
        "q75": -0.0011588640045374632
      },
      "ood_easy": {
        "mean": -21.712448120117188,
        "std": 4.4003424644470215,
        "min": -23.025850296020508,
        "max": -0.0028550811111927032,
        "median": -23.025850296020508,
        "q25": -23.025850296020508,
        "q75": -23.025850296020508
      },
      "ood_medium": {
        "mean": -1.7100921869277954,
        "std": 0.6171475052833557,
        "min": -4.032522201538086,
        "max": -0.3058689832687378,
        "median": -1.658675193786621,
        "q25": -2.0839414596557617,
        "q75": -1.2711381912231445
      },
      "ood_hard": {
        "mean": -0.2058226466178894,
        "std": 0.029722003266215324,
        "min": -0.26321548223495483,
        "max": -0.08392517268657684,
        "median": -0.21164573729038239,
        "q25": -0.22965742647647858,
        "q75": -0.1896563619375229
      },
      "ood_very_hard": {
        "mean": -0.07668117433786392,
        "std": 0.06142321228981018,
        "min": -0.5719088315963745,
        "max": -0.004531502723693848,