{
  "realnvp": {
    "model_name": "realnvp",
    "metrics": {
      "train_correlation": 0.9154941630056316,
      "val_correlation": 0.9164151785697919,
      "test_correlation": 0.9133508452492751,
      "ood_easy_correlation": 0.3888837138770187,
      "ood_medium_correlation": 0.3488613707116748,
      "ood_hard_correlation": 0.30929599631659666,
      "ood_very_hard_correlation": 0.2790056788015476,
      "easy_auroc": 0.9996675,
      "easy_auprc": 0.9997997912480062,
      "medium_auroc": 0.9991845,
      "medium_auprc": 0.999355443555807,
      "hard_auroc": 1.0,
      "hard_auprc": 1.0,
      "very_hard_auroc": 1.0,
      "very_hard_auprc": 1.0
    },
    "score_statistics": {
      "train": {
        "mean": -3.7198901176452637,
        "std": 1.0140020847320557,
        "min": -13.597453117370605,
        "max": -2.698093891143799,
        "median": -3.4272656440734863,
        "q25": -4.021976470947266,
        "q75": -3.0597822666168213
      },
      "val": {
        "mean": -3.7788403034210205,
        "std": 1.0993037223815918,
        "min": -17.024871826171875,
        "max": -2.699162483215332,
        "median": -3.4563589096069336,
        "q25": -4.087906837463379,
        "q75": -3.0813424587249756
      },
      "test": {
        "mean": -3.709683656692505,
        "std": 0.9744896292686462,
        "min": -10.900601387023926,
        "max": -2.7007477283477783,
        "median": -3.4431958198547363,
        "q25": -3.9779224395751953,
        "q75": -3.0630383491516113
      },
      "ood_easy": {
        "mean": -3541.771728515625,
        "std": 6009.11181640625,
        "min": -39284.515625,
        "max": -3.7946853637695312,
        "median": -1052.2626953125,
        "q25": -3279.3583984375,
        "q75": -412.23382568359375
      },
      "ood_medium": {
        "mean": -12956.162109375,
        "std": 22637.90234375,
        "min": -155104.375,
        "max": -3.145453453063965,
        "median": -3405.453369140625,
        "q25": -11481.3857421875,
        "q75": -1248.279541015625
      },
      "ood_hard": {
        "mean": -34545.046875,
        "std": 62137.50390625,
        "min": -394910.28125,
        "max": -18.60695457458496,
        "median": -8001.765625,
        "q25": -31110.125,
        "q75": -2847.803955078125
      },
      "ood_very_hard": {
        "mean": -56278.40625,
        "std": 99864.3203125,
        "min": -612118.125,
        "max": -12.039100646972656,
        "median": -12670.9423828125,
        "q25": -49464.4609375,
        "q75": -4532.14404296875
      }
    }
  },
  "vae": {
    "model_name": "vae",
    "metrics": {
      "train_correlation": 0.2691368767478973,
      "val_correlation": 0.3089505241324488,
      "test_correlation": 0.24465446006719338,
      "ood_easy_correlation": 0.13682739966906413,
      "ood_medium_correlation": 0.19559739220931943,
      "ood_hard_correlation": 0.17792871839801017,
      "ood_very_hard_correlation": NaN,
      "easy_auroc": 0.9991099999999999,
      "easy_auprc": 0.999378434283085,
      "medium_auroc": 0.998154,
      "medium_auprc": 0.9975651888490288,
      "hard_auroc": 0.999992,
      "hard_auprc": 0.9999959951067501
    },
    "score_statistics": {
      "train": {
        "mean": -0.729583203792572,
        "std": 1.407619833946228,
        "min": -44.116886138916016,
        "max": -0.000148660023114644,
        "median": -0.42637747526168823,
        "q25": -0.8785122036933899,
        "q75": -0.17481818795204163
      },
      "val": {
        "mean": -0.7391351461410522,
        "std": 1.2755388021469116,
        "min": -26.539382934570312,
        "max": -0.00011943126446567476,
        "median": -0.44145941734313965,
        "q25": -0.8873381018638611,
        "q75": -0.16798469424247742
      },
      "test": {
        "mean": -0.7485590577125549,
        "std": 1.3944902420043945,
        "min": -22.384479522705078,
        "max": -6.173494512040634e-06,
        "median": -0.4332980215549469,
        "q25": -0.9046760201454163,
        "q75": -0.17694467306137085
      },
      "ood_easy": {
        "mean": -508586112.0,
        "std": 10177530880.0,
        "min": -314942586880.0,
        "max": -0.30418825149536133,
        "median": -1510.885986328125,
        "q25": -56326.03125,
        "q75": -430.94000244140625
      },
      "ood_medium": {
        "mean": -5.674227667231048e+19,
        "std": Infinity,
        "min": -2.006197809446449e+22,
        "max": -0.034591078758239746,
        "median": -156228.765625,
        "q25": -1281197696.0,
        "q75": -2521.560791015625
      },
      "ood_hard": {
        "mean": -4.483272271764303e+33,
        "std": Infinity,
        "min": -2.3742037254023546e+36,
        "max": -8.289616584777832,
        "median": -1494829824.0,
        "q25": -4928069097750528.0,
        "q75": -181045.203125
      },
      "ood_very_hard": {
        "mean": -Infinity,
        "std": NaN,
        "min": -Infinity,
        "max": -3.8763952255249023,
        "median": -387512926208.0,
        "q25": -2.2978115165774414e+19,
        "q75": -10154691.0
      }
    }
  },
  "kde": {
    "model_name": "kde",
    "metrics": {
      "train_correlation": 0.8296553811301631,
      "val_correlation": 0.8601190808844663,
      "test_correlation": 0.8615991200483709,
      "ood_easy_correlation": 0.3812086683323721,
      "ood_medium_correlation": 0.21109897942043035,
      "ood_hard_correlation": 0.13193062637895325,
      "ood_very_hard_correlation": 0.1133805164866287,
      "easy_auroc": 0.999714,
      "easy_auprc": 0.9998317141393593,
      "medium_auroc": 0.9991509999999999,
      "medium_auprc": 0.9992692754149397,
      "hard_auroc": 1.0,
      "hard_auprc": 1.0,
      "very_hard_auroc": 1.0,
      "very_hard_auprc": 1.0
    },
    "score_statistics": {
      "train": {
        "mean": -0.0036358553916215897,
        "std": 0.007078325375914574,
        "min": -0.15610823035240173,
        "max": -0.0005605599726550281,
        "median": -0.0016136665362864733,
        "q25": -0.0032680777367204428,
        "q75": -0.001149659394286573
      },
      "val": {
        "mean": -0.003986068069934845,
        "std": 0.007457547355443239,
        "min": -0.1343931406736374,
        "max": -0.0005591883091256022,
        "median": -0.0016771305818110704,
        "q25": -0.0035356725566089153,
        "q75": -0.0011638168944045901
      },
      "test": {
        "mean": -0.0033591194078326225,
        "std": 0.005168209783732891,
        "min": -0.07343333959579468,
        "max": -0.0005606195772998035,
        "median": -0.0016715183155611157,
        "q25": -0.003256790339946747,
        "q75": -0.0011588640045374632
      },
      "ood_easy": {
        "mean": -21.712448120117188,
        "std": 4.4003424644470215,
        "min": -23.025850296020508,
        "max": -0.0028550811111927032,
        "median": -23.025850296020508,
        "q25": -23.025850296020508,
        "q75": -23.025850296020508
      },
      "ood_medium": {
        "mean": -22.546833038330078,
        "std": 2.813511610031128,
        "min": -23.025850296020508,
        "max": -0.0011734095169231296,
        "median": -23.025850296020508,
        "q25": -23.025850296020508,
        "q75": -23.025850296020508
      },
      "ood_hard": {
        "mean": -22.843616485595703,
        "std": 1.737438678741455,
        "min": -23.025850296020508,
        "max": -1.8418959379196167,
        "median": -23.025850296020508,
        "q25": -23.025850296020508,
        "q75": -23.025850296020508
      },
      "ood_very_hard": {
        "mean": -22.890512466430664,
        "std": 1.5816521644592285,
        "min": -23.025850296020508,
        "max": -0.20390039682388306,
        "median": -23.025850296020508,
        "q25": -23.025850296020508,
        "q75": -23.025850296020508
      }
    }
  },
  "neural_ode": {
    "model_name": "neural_ode",
    "metrics": {
      "train_correlation": 0.9825127085138123,