mean_return,std_return,mean_length,std_length,seed
39.60665679342856,0.9074890092388078,22.69,0.5602677931132577,42
39.465895490371395,0.9296138207588477,22.55,0.5545268253204708,123
