mean_return,std_return,mean_length,std_length,seed
39.60665679342856,0.9074890092388078,22.69,0.5602677931132577,42
39.4658954903714,0.9296138207588476,22.55,0.5545268253204708,123
103.88273427409982,32.68405965271839,55.2,12.188519188154071,456
