mean_return,std_return,mean_length,std_length,seed
69.65215703282857,1.3312783369914751,41.46,0.6843975452907469,42
320.6184101784275,2.5507732389732345,128.87,0.8204267182387467,123
18.79455811778777,15.199683830006252,29.43,10.611555022709917,42
10.664995461624144,0.2250941649340165,22.89,0.4217819341792628,123
20.00908759564463,0.33318635426141685,15.97,0.17058722109231986,456
