mean_return,std_return,mean_length,std_length,seed
69.65215703282857,1.3312783369914751,41.46,0.6843975452907469,42
320.6184101784275,2.5507732389732345,128.87,0.8204267182387467,123
