mean_return,std_return,mean_length,std_length,seed
52.83270564054478,1.8463088123682188,34.54,1.033634364753804,1
