mean_return,std_return,mean_length,std_length,seed
692.3862683699263,12.622245056690272,210.09,2.6686888166288703,1
