mean_return,std_return,mean_length,std_length,seed
58.30228521686554,0.5821769668544157,35.0,0.31622776601683794,1
