mean_return,std_return,mean_length,std_length,seed
43.563375651147446,1.1994910017299352,25.86,0.7485986908885159,1
