mean_return,std_return,mean_length,std_length,seed
6998.6984827364,810.6349091884173,1000.0,0.0,42
