mean_return,std_return,mean_length,std_length,seed
90.53571399164738,1.2890078844594732,50.35,0.6224949798994367,1
