mean_return,std_return,mean_length,std_length,seed
285.65606737786146,79.10313305179665,116.43,21.790022946293565,1
