mean_return,std_return,mean_length,std_length,seed
57.819323186143365,0.6516475187238534,34.39,0.4877499359302879,1
