mean_return,std_return,mean_length,std_length,seed
9.634588683969199,0.056015900654854824,11.0,0.0,1
