mean_return,std_return,mean_length,std_length,seed
125.35278816815963,3.1710890867731294,64.89,1.0478072341800282,1
