mean_return,std_return,mean_length,std_length,seed
302.2174667921803,84.45612998113043,120.94,23.286399464064857,1
