mean_return,std_return,mean_length,std_length,seed
7.598320098309367,0.4171901107259816,9.8,0.39999999999999997,1
