mean_return,std_return,mean_length,std_length,seed
112.45252154744713,1.2716729961861977,65.91,0.6796322535018479,1
