mean_return,std_return,mean_length,std_length,seed
653.8203873540727,6.022541665495181,238.48,1.4105318146004366,1
