mean_return,std_return,mean_length,std_length,seed
305.42499078534684,198.66429276927855,132.11,61.87372544141819,1
