mean_return,std_return,mean_length,std_length,seed
653.4063919388225,5.482334839614235,238.47,1.3073255141700557,1
