mean_return,std_return,mean_length,std_length,seed
58.85505636210929,1.8576824568675443,35.57,1.2981140165640304,1
