mean_return,std_return,mean_length,std_length,seed
179.6830306939576,26.847926771644254,105.08,11.670201369299505,1
