mean_return,std_return,mean_length,std_length,seed
6.841075692826402,0.2663616724679149,8.98,0.13999999999999999,1
