mean_return,std_return,mean_length,std_length,seed
987.6329695631758,108.54931803934228,308.91,27.07659321258862,1
