mean_return,std_return,mean_length,std_length,seed
134.41449003603037,1.7985295164752049,81.69,0.7575618786607468,1
