mean_return,std_return,mean_length,std_length,seed
491.1669095397649,120.68523085206488,192.69,39.12663926278361,1
