mean_return,std_return,mean_length,std_length,seed
48.994474456873974,1.12576486030937,29.62,0.7180529228406496,1
