mean_return,std_return,mean_length,std_length,seed
314.298070099836,4.966614219312765,118.55,1.3955285736952863,1
