mean_return,std_return,mean_length,std_length,seed
78.57583197432905,1.947055415977352,45.73,0.9884836872705589,1
