mean_return,std_return,mean_length,std_length,seed
58.85644945696459,0.6583975965219369,34.81,0.4170131892398608,1
