mean_return,std_return,mean_length,std_length,seed
38.236227356624255,1.1733619076624318,21.83,0.7218725649309579,1
