mean_return,std_return,mean_length,std_length,seed
21.720774419000108,1.383553693021558,25.28,0.8494704232638121,1
