mean_return,std_return,mean_length,std_length,seed
221.37526367568069,6.8869806981593955,103.33,1.4970303938130314,1
