mean_return,std_return,mean_length,std_length,seed
72.24114654839929,2.917512504894184,44.63,1.2137133104650375,1
