mean_return,std_return,mean_length,std_length,seed
62.71707531657688,1.3252975041195003,37.12,0.6968500556073739,1
