mean_return,std_return,mean_length,std_length,seed
372.5264965787303,247.17227990715386,176.08,91.3446966167166,1
