mean_return,std_return,mean_length,std_length,seed
335.37775457007353,47.151565451246235,148.1,16.17188919081503,1
