mean_return,std_return,mean_length,std_length,seed
97.83122797166709,2.203733095894013,67.87,1.3758997056471813,1
