mean_return,std_return,mean_length,std_length,seed
123.25343166459903,2.1081041987445355,63.88,0.9927738916792684,1
