mean_return,std_return,mean_length,std_length,seed
710.8107437810121,6.111313991550619,221.82,1.9968975937688942,1
