mean_return,std_return,mean_length,std_length,seed
159.23656392841352,137.8753185292159,132.48,39.776746976091445,42
