mean_return,std_return,mean_length,std_length,seed
5.716613977737894,4.160845449222741,85.16,7.242540990564017,1
