mean_return,std_return,mean_length,std_length,seed
742.1856212501324,31.298387517914517,292.27,24.827345810617775,1
