mean_return,std_return,mean_length,std_length,seed
1723.358657185196,906.0873978523983,483.47,201.3511586755835,1
