mean_return,std_return,mean_length,std_length,seed
139.35770463719348,136.56824643673525,147.03,78.56493556288326,1
