mean_return,std_return,mean_length,std_length,seed
170.1411045880742,134.1216374244134,201.96,114.40523764233875,1
