mean_return,std_return,mean_length,std_length,seed
26.144617705563167,0.7850680264254297,35.82,0.7533923280734945,1
