mean_return,std_return,mean_length,std_length,seed
92.62035150751183,121.24712366847213,92.02,58.323919621369754,1
