mean_return,std_return,mean_length,std_length,seed
-15.594314321562194,10.192942100865098,77.43,6.43312521252307,1
