mean_return,std_return,mean_length,std_length,seed
-0.02266303166507484,0.6053648980083858,46.98,0.14,1
