mean_return,std_return,mean_length,std_length,seed
0.584587408101586,0.06948533248358682,10.0,0.0,1
