mean_return,std_return,mean_length,std_length,seed
4.401882356152009,0.6211320531032267,46.03,0.17058722109231986,1
