mean_return,std_return,mean_length,std_length,seed
5.432786724844277,0.6924235480928531,44.73,0.44395945760846217,1
