mean_return,std_return,mean_length,std_length,seed
148.10179699370397,105.93972097220359,194.46,44.94339106031052,1
