mean_return,std_return,mean_length,std_length,seed
209.73206234126957,216.39318217297227,191.75,150.44742437143947,1
