mean_return,std_return,mean_length,std_length,seed
-12.52577205881173,9.534512016718136,75.16,7.5600529098677605,1
