mean_return,std_return,mean_length,std_length,seed
47.23628948948003,4.2772583764805425,51.44,1.4022838514366485,1
