mean_return,std_return,mean_length,std_length,seed
-34.89809672734565,35.43471672696109,130.41,23.12318965886843,1
