mean_return,std_return,mean_length,std_length,seed
290.20915981838255,7.7473368471951085,125.42,2.218918655561758,42
