mean_return,std_return,mean_length,std_length,seed
7962.026810826558,3968.046578326843,1000.0,0.0,42
9810.525813710185,3646.046602681106,1000.0,0.0,123
9777.817, 3575.499, 0,0,456
