mean_return,std_return,mean_length,std_length,seed
9036.488716220296,3583.976844868771,1000.0,0.0,42
