mean_return,std_return,mean_length,std_length,seed
9036.488716220296,3583.976844868771,1000.0,0.0,42
10612.55076714092,2614.8207082911013,1000.0,0.0,123
11546.184783127484,923.1778742761044,1000.0,0.0,456
