mean_return,std_return,mean_length,std_length,seed
10694.391486284998,2591.8664722653984,1000.0,0.0,1
