mean_return,std_return,mean_length,std_length,seed
11110.654171806993,2032.995309050106,1000.0,0.0,1
