mean_return,std_return,mean_length,std_length,seed
10349.504274411536,2609.6449701389574,1000.0,0.0,1
