mean_return,std_return,mean_length,std_length,seed
8941.042269126316,3305.6403164674134,1000.0,0.0,1
