mean_return,std_return,mean_length,std_length,seed
9913.834367530697,3338.8439122799537,1000.0,0.0,1
