mean_return,std_return,mean_length,std_length,seed
10695.519408181512,2684.527748263238,1000.0,0.0,1
