mean_return,std_return,mean_length,std_length,seed
-3.576230665631803,0.07655870196925407,6.0,0.0,42
