mean_return,std_return,mean_length,std_length,seed
-3.576230665631803,0.076558701969254,6.0,0.0,42
-7.776789821729847,0.061541925211385,6.0,0.0,123
-5.0831729877523895,0.054451107278594736,6.0,0.0,456
