mean_return,std_return,mean_length,std_length,seed
-13.455990915570146,0.1385513193644463,11.0,0.0,42
11.30619893958748,37.0157799952997,94.29,21.31116843347638,123
222.51387065412084,19.72237326958335,131.05,9.275101077616352,456
315.557278159037,221.6031915102311,131.52,61.44240880694701,42
211.69317196735096,140.39290107989015,119.18,43.793921952709375,123
346.6920214390251,145.18665934565212,199.87,43.57560211861679,456
