mean_return,std_return,mean_length,std_length,seed
-13.455990915570146,0.1385513193644463,11.0,0.0,42
11.30619893958748,37.0157799952997,94.29,21.31116843347638,123
222.51387065412084,19.72237326958335,131.05,9.275101077616352,456
