mean_return,std_return,mean_length,std_length,seed
222.4082444194817,5.890868579357568,89.73,1.765531081572907,42
2351.401809137914,2052.702286201785,527.33,387.67912131039503,123
40.12250814571705,6.160096042074906,79.69,3.0156093911513144,456
