mean_return,std_return,mean_length,std_length,seed
-14.718727800337888,0.1546680748782268,12.0,0.0,42
-6.82457839476567,0.0978454342205299,6.0,0.0,123
69.75407678689292,7.828374284981483,83.68,35.231485918138624,456
-14.654224633919334,0.1860506412148959,13.0,0.0,42
163.13641692165425,90.54749563515436,122.35,76.5194583096352,123
-15.488370243956181,0.22431091541333847,13.01,0.09949874371066199,456
