mean_return,std_return,mean_length,std_length,seed
-14.718727800337888,0.1546680748782268,12.0,0.0,42
-6.82457839476567,0.0978454342205299,6.0,0.0,123
69.75407678689292,7.828374284981483,83.68,35.231485918138624,456
185.5031751626512,23.00709893630799,72.92,5.401259112466278,42
189.3759681912825,238.28763058239676,95.89,50.2561230100373,123
0.47204765340055915,4.687864118853022,28.57,5.781444456189129,456
