mean_return,std_return,mean_length,std_length,seed
156.4820644814787,37.69002587952141,92.98,15.728941477416717,42
284.1296525872129,173.4980549620387,214.74,70.49533601593797,123
199.08688327825573,63.49164196780745,133.01,51.81071221282332,456
222.0345782090106,153.69906886792697,112.58,39.14209498736622,42
276.1536510656915,238.43106485488948,121.79,56.98654139356064,123
227.51247413302045,135.4129087946326,101.55,39.489334002993765,456
76.80284644638918,177.77173701653558,58.32,56.518648249936064,42
997.8251490213929,1558.0591805425372,335.49,297.3958471465262,123
