mean_return,std_return,mean_length,std_length,seed
156.4820644814787,37.69002587952141,92.98,15.728941477416717,42
284.1296525872129,173.4980549620387,214.74,70.49533601593797,123
