mean_return,std_return,mean_length,std_length,seed
175.84574670940665,34.18263668755858,122.1,12.648715349789482,1
