mean_return,std_return,mean_length,std_length,seed
82.02038302951755,107.31725650013273,94.13,42.050363850982315,1
