mean_return,std_return,mean_length,std_length,seed
98.00749231690841,117.94965992608255,87.46,59.7905377129191,1
