mean_return,std_return,mean_length,std_length,seed
225.61326625186953,216.36329410798996,111.62,56.91762117306028,1
