mean_return,std_return,mean_length,std_length,seed
572.7502262292376,68.8056127066109,173.87,12.093514790994387,1
