mean_return,std_return,mean_length,std_length,seed
242.4464015163514,119.9819817692121,155.89,75.09632414439471,1
