mean_return,std_return,mean_length,std_length,seed
-365.354175757003,212.5611554855867,1000.0,0.0,42
