mean_return,std_return,mean_length,std_length,seed
-365.354175757003,212.5611554855867,1000.0,0.0,42
-57.99196728436954,249.70717474552453,1000.0,0.0,123
-122.1777283339791,196.09888736068544,1000.0,0.0,456
-251.956372981406,83.65579197767373,1000.0,0.0,2
-152.6594852678035,101.47085678763996,1000.0,0.0,3
-102.40273865467928,81.43703778145705,1000.0,0.0,4
