mean_return,std_return,mean_length,std_length,seed
88.1443175995266,1.8083010137478444,51.78,0.794732659452221,1
