mean_return,std_return,mean_length,std_length,seed
112.05178675888762,2.5497949490528646,62.57,0.6671581521648371,1
