mean_return,std_return,mean_length,std_length,seed
1.927186429029023,0.1468232993238764,14.0,0.0,1
