mean_return,std_return,mean_length,std_length,seed
721.0801242723188,15.922401499588714,214.72,3.3706972572451535,1
