mean_return,std_return,mean_length,std_length,seed
25.298555241673782,0.588588260142198,21.74,0.4386342439892263,1
