mean_return,std_return,mean_length,std_length,seed
366.1399039378561,83.61286193462195,129.99,25.501174482756674,42
783.5342169038669,7.489330011645042,254.81,2.2877718417709403,1
49.11751700099177,1.173234342370087,33.32,0.6144916598294888,2
