mean_return,std_return,mean_length,std_length,seed
366.13990393785605,83.61286193462195,129.99,25.501174482756674,42
