mean_return,std_return,mean_length,std_length,seed
-332.8840159437601,54.14920189201199,1000.0,0.0,1
