mean_return,std_return,mean_length,std_length,seed
-341.26548147783797,57.1656494988927,1000.0,0.0,1
