{
  "realnvp": {
    "model_name": "realnvp",
    "metrics": {
      "train_correlation": 0.9392453823438429,
      "val_correlation": 0.9359863580226631,
      "test_correlation": 0.9370986641242727,
      "ood_easy_correlation": 0.13198503371492906,
      "ood_medium_correlation": 0.15456104909044469,
      "ood_hard_correlation": 0.13099940688721365,
      "ood_very_hard_correlation": 0.12919888797269408,
      "easy_auroc": 1.0,
      "easy_auprc": 1.0,
      "medium_auroc": 1.0,
      "medium_auprc": 1.0,
      "hard_auroc": 1.0,
      "hard_auprc": 1.0,
      "very_hard_auroc": 1.0,
      "very_hard_auprc": 1.0
    },
    "score_statistics": {
      "train": {
        "mean": -14.639861106872559,
        "std": 1.987843632698059,
        "min": -29.805185317993164,
        "max": -10.532495498657227,
        "median": -14.371078491210938,
        "q25": -15.732244491577148,
        "q75": -13.201546669006348
      },
      "val": {
        "mean": -14.762003898620605,
        "std": 2.226813793182373,
        "min": -33.09980392456055,
        "max": -10.87186050415039,
        "median": -14.395355224609375,
        "q25": -15.915839195251465,
        "q75": -13.214354515075684
      },
      "test": {
        "mean": -14.819857597351074,
        "std": 2.268615961074829,
        "min": -34.816627502441406,
        "max": -10.97862720489502,
        "median": -14.388206481933594,
        "q25": -15.93294906616211,
        "q75": -13.231882095336914
      },
      "ood_easy": {
        "mean": -98854.0625,
        "std": 154951.25,
        "min": -1652887.125,
        "max": -1863.8338623046875,
        "median": -52496.1328125,
        "q25": -107793.734375,
        "q75": -26047.625
      },
      "ood_medium": {
        "mean": -407663.4375,
        "std": 569192.625,
        "min": -4897513.0,
        "max": -8338.34375,
        "median": -214727.25,
        "q25": -443897.71875,
        "q75": -103489.390625
      },
      "ood_hard": {
        "mean": -982341.875,
        "std": 1446698.25,
        "min": -11620156.0,
        "max": -8391.1572265625,
        "median": -490220.3125,
        "q25": -1060728.5,
        "q75": -224246.21875
      },
      "ood_very_hard": {
        "mean": -1934044.75,
        "std": 2878496.25,
        "min": -24296698.0,
        "max": -22124.728515625,
        "median": -999079.5,
        "q25": -1951695.0,
        "q75": -493633.0625
      }
    }
  },
  "vae": {
    "model_name": "vae",
    "metrics": {
      "train_correlation": 0.40981270644941964,
      "val_correlation": 0.42182663557880706,
      "test_correlation": 0.3836395946137793,
      "ood_easy_correlation": 0.15969559105176523,
      "ood_medium_correlation": 0.0237301998701301,
      "ood_hard_correlation": 0.011400556742878794,
      "ood_very_hard_correlation": 0.035055352144954165,
      "easy_auroc": 1.0,
      "easy_auprc": 1.0,
      "medium_auroc": 1.0,
      "medium_auprc": 1.0,
      "hard_auroc": 1.0,
      "hard_auprc": 1.0,
      "very_hard_auroc": 1.0,
      "very_hard_auprc": 1.0
    },
    "score_statistics": {
      "train": {
        "mean": -4.771212577819824,
        "std": 2.7399940490722656,
        "min": -59.37427520751953,
        "max": -0.17421571910381317,
        "median": -4.296566009521484,
        "q25": -6.025019645690918,
        "q75": -2.9583330154418945
      },
      "val": {
        "mean": -4.868811130523682,
        "std": 2.869687080383301,
        "min": -41.11956024169922,
        "max": -0.4621138572692871,
        "median": -4.341314792633057,
        "q25": -6.170291423797607,
        "q75": -2.9582300186157227
      },
      "test": {
        "mean": -4.96332311630249,
        "std": 3.5567452907562256,
        "min": -106.06935119628906,
        "max": -0.3690357208251953,
        "median": -4.416839122772217,
        "q25": -6.192379474639893,
        "q75": -2.925525188446045
      },
      "ood_easy": {
        "mean": -54051.51171875,
        "std": 837320.4375,
        "min": -25256248.0,
        "max": -1657.921875,
        "median": -13872.865234375,
        "q25": -20972.896484375,
        "q75": -9585.587890625
      },
      "ood_medium": {
        "mean": -7478688350208.0,
        "std": 229763738238976.0,
        "min": -7269048538628096.0,
        "max": -3938.35791015625,
        "median": -57461.4140625,
        "q25": -93790.5078125,
        "q75": -38530.2265625
      },
      "ood_hard": {
        "mean": -7.639070427190479e+20,
        "std": Infinity,
        "min": -7.63126309946646e+23,
        "max": -19356.845703125,
        "median": -146061.46875,
        "q25": -280986.0625,
        "q75": -91217.9140625
      },
      "ood_very_hard": {
        "mean": -1.3483275092215744e+30,
        "std": Infinity,
        "min": -1.3392021418163802e+33,
        "max": -31208.4375,
        "median": -301589.9375,
        "q25": -7601466.0,
        "q75": -171016.65625
      }
    }
  },
  "kde": {
    "model_name": "kde",
    "metrics": {
      "train_correlation": 0.8326300629658503,
      "val_correlation": 0.8312485743937628,
      "test_correlation": 0.8140418694171131,
      "ood_easy_correlation": NaN,
      "ood_medium_correlation": NaN,
      "ood_hard_correlation": NaN,
      "ood_very_hard_correlation": NaN,
      "easy_auroc": 1.0,
      "easy_auprc": 1.0,
      "medium_auroc": 1.0,
      "medium_auprc": 1.0,
      "hard_auroc": 1.0,
      "hard_auprc": 1.0,
      "very_hard_auroc": 1.0,
      "very_hard_auprc": 1.0
    },
    "score_statistics": {
      "train": {
        "mean": -0.34227660298347473,
        "std": 0.16719910502433777,
        "min": -2.4232988357543945,
        "max": -0.1310364156961441,
        "median": -0.29758381843566895,
        "q25": -0.39539313316345215,
        "q75": -0.23559656739234924
      },
      "val": {
        "mean": -0.3455834984779358,
        "std": 0.16476768255233765,
        "min": -1.5837055444717407,
        "max": -0.13761217892169952,
        "median": -0.3006274104118347,
        "q25": -0.40339499711990356,
        "q75": -0.23743519186973572
      },
      "test": {
        "mean": -0.34321269392967224,
        "std": 0.17491543292999268,
        "min": -2.6588568687438965,
        "max": -0.13372288644313812,
        "median": -0.29971951246261597,
        "q25": -0.39329633116722107,
        "q75": -0.23475413024425507
      },
      "ood_easy": {
        "mean": -23.02585220336914,
        "std": 1.9073486328125e-06,
        "min": -23.025850296020508,
        "max": -23.025850296020508,
        "median": -23.025850296020508,
        "q25": -23.025850296020508,
        "q75": -23.025850296020508
      },
      "ood_medium": {
        "mean": -23.02585220336914,
        "std": 1.9073486328125e-06,
        "min": -23.025850296020508,
        "max": -23.025850296020508,
        "median": -23.025850296020508,
        "q25": -23.025850296020508,
        "q75": -23.025850296020508
      },
      "ood_hard": {
        "mean": -23.02585220336914,
        "std": 1.9073486328125e-06,
        "min": -23.025850296020508,
        "max": -23.025850296020508,
        "median": -23.025850296020508,
        "q25": -23.025850296020508,
        "q75": -23.025850296020508
      },
      "ood_very_hard": {
        "mean": -23.02585220336914,
        "std": 1.9073486328125e-06,
        "min": -23.025850296020508,
        "max": -23.025850296020508,
        "median": -23.025850296020508,
        "q25": -23.025850296020508,
        "q75": -23.025850296020508
      }
    }
  },
  "neural_ode": {
    "model_name": "neural_ode",
    "metrics": {
      "train_correlation": 0.9749493151175586,
      "val_correlation": 0.9767746011177356,
      "test_correlation": 0.9772995137302112,
      "ood_easy_correlation": 0.5817742148589998,
      "ood_medium_correlation": 0.6154440828849825,
      "ood_hard_correlation": 0.6181903177830066,
      "ood_very_hard_correlation": 0.5808341851687269,
      "easy_auroc": 1.0,
      "easy_auprc": 1.0,