{
  "realnvp": {
    "model_name": "realnvp",
    "metrics": {
      "train_correlation": 0.9323262380194284,
      "val_correlation": 0.931161195797504,
      "test_correlation": 0.9193680875200694,
      "ood_easy_correlation": 0.22638590299926295,
      "ood_medium_correlation": 0.6476493544015911,
      "ood_hard_correlation": 0.8395479297111627,
      "ood_very_hard_correlation": 0.7841590144727196,
      "easy_auroc": 1.0,
      "easy_auprc": 1.0,
      "medium_auroc": 1.0,
      "medium_auprc": 1.0,
      "hard_auroc": 0.8469612499999999,
      "hard_auprc": 0.9166945165629895,
      "very_hard_auroc": 0.8881359999999999,
      "very_hard_auprc": 0.9404993570968926
    },
    "score_statistics": {
      "train": {
        "mean": -14.664831161499023,
        "std": 1.9600285291671753,
        "min": -28.991939544677734,
        "max": -10.73457145690918,
        "median": -14.348505973815918,
        "q25": -15.720979690551758,
        "q75": -13.26160717010498
      },
      "val": {
        "mean": -14.78600025177002,
        "std": 2.134528875350952,
        "min": -27.201396942138672,
        "max": -11.070959091186523,
        "median": -14.433757781982422,
        "q25": -15.89516544342041,
        "q75": -13.286872863769531
      },
      "test": {
        "mean": -14.868877410888672,
        "std": 2.3475606441497803,
        "min": -42.35558319091797,
        "max": -11.106969833374023,
        "median": -14.364799499511719,
        "q25": -15.978399276733398,
        "q75": -13.30634593963623
      },
      "ood_easy": {
        "mean": -99246.375,
        "std": 132130.4375,
        "min": -1094878.0,
        "max": -1962.9638671875,
        "median": -54235.734375,
        "q25": -118831.34375,
        "q75": -24682.3984375
      },
      "ood_medium": {
        "mean": -7998.06689453125,
        "std": 2984.2197265625,
        "min": -19796.134765625,
        "max": -1261.38134765625,
        "median": -7780.6923828125,
        "q25": -9952.451171875,
        "q75": -5709.10546875
      },
      "ood_hard": {
        "mean": -30.6552734375,
        "std": 19.38172149658203,
        "min": -74.15706634521484,
        "max": -13.145463943481445,
        "median": -17.548614501953125,
        "q25": -53.65843200683594,
        "q75": -16.2862491607666
      },
      "ood_very_hard": {
        "mean": -19.88082504272461,
        "std": 4.872554302215576,
        "min": -73.34481048583984,
        "max": -12.468305587768555,
        "median": -19.106550216674805,
        "q25": -21.513952255249023,
        "q75": -16.957805633544922
      }
    }
  },
  "vae": {
    "model_name": "vae",
    "metrics": {
      "train_correlation": 0.44182955302120885,
      "val_correlation": 0.45737168860179733,
      "test_correlation": 0.5060829891924971,
      "ood_easy_correlation": 0.022815232177521415,
      "ood_medium_correlation": 0.8323900205344733,
      "ood_hard_correlation": 0.470922192011101,
      "ood_very_hard_correlation": 0.6373169076639978,
      "easy_auroc": 1.0,
      "easy_auprc": 1.0,
      "medium_auroc": 1.0,
      "medium_auprc": 1.0,
      "hard_auroc": 0.8037905,
      "hard_auprc": 0.8608727583491024,
      "very_hard_auroc": 0.7697245,
      "very_hard_auprc": 0.8471368215952305
    },
    "score_statistics": {
      "train": {
        "mean": -4.35221004486084,
        "std": 2.4749748706817627,
        "min": -48.16551971435547,
        "max": -0.2785470485687256,
        "median": -3.9180984497070312,
        "q25": -5.538321495056152,
        "q75": -2.6416831016540527
      },
      "val": {
        "mean": -4.428549289703369,
        "std": 2.3576860427856445,
        "min": -16.622175216674805,
        "max": -0.3247745931148529,
        "median": -3.9997875690460205,
        "q25": -5.613041877746582,
        "q75": -2.7347519397735596
      },
      "test": {
        "mean": -4.3724894523620605,
        "std": 2.3908140659332275,
        "min": -22.146501541137695,
        "max": -0.43849658966064453,
        "median": -3.9423041343688965,
        "q25": -5.55081844329834,
        "q75": -2.67820143699646
      },
      "ood_easy": {
        "mean": -298530635776.0,
        "std": 8481947516928.0,
        "min": -266469250170880.0,
        "max": -1530.637451171875,
        "median": -13365.71875,
        "q25": -18703.546875,
        "q75": -8973.099609375
      },
      "ood_medium": {
        "mean": -1619.9697265625,
        "std": 435.4307556152344,
        "min": -3228.160400390625,
        "max": -487.3426208496094,
        "median": -1604.960693359375,
        "q25": -1875.3988037109375,
        "q75": -1321.989501953125
      },
      "ood_hard": {
        "mean": -15.518049240112305,
        "std": 17.081283569335938,
        "min": -109.20278930664062,
        "max": -0.6440249681472778,
        "median": -8.793655395507812,
        "q25": -18.785686492919922,
        "q75": -4.834067344665527
      },
      "ood_very_hard": {
        "mean": -7.46924352645874,
        "std": 3.735079288482666,
        "min": -27.334514617919922,
        "max": -0.43115317821502686,
        "median": -6.852269649505615,
        "q25": -9.543319702148438,
        "q75": -4.703499794006348
      }
    }
  },
  "kde": {
    "model_name": "kde",
    "metrics": {
      "train_correlation": 0.8326300629658503,
      "val_correlation": 0.8312485743937628,
      "test_correlation": 0.8140418694171131,
      "ood_easy_correlation": NaN,
      "ood_medium_correlation": NaN,
      "ood_hard_correlation": 0.9836930971046922,
      "ood_very_hard_correlation": 0.707883864948147,
      "easy_auroc": 1.0,
      "easy_auprc": 1.0,
      "medium_auroc": 1.0,
      "medium_auprc": 1.0,
      "hard_auroc": 0.989642,
      "hard_auprc": 0.9958486917872909,
      "very_hard_auroc": 0.8871104999999999,
      "very_hard_auprc": 0.9409747145028334
    },
    "score_statistics": {
      "train": {
        "mean": -0.34227660298347473,
        "std": 0.16719910502433777,
        "min": -2.4232988357543945,
        "max": -0.1310364156961441,
        "median": -0.29758381843566895,
        "q25": -0.39539313316345215,
        "q75": -0.23559656739234924
      },
      "val": {
        "mean": -0.3455834984779358,
        "std": 0.16476768255233765,
        "min": -1.5837055444717407,
        "max": -0.13761217892169952,
        "median": -0.3006274104118347,
        "q25": -0.40339499711990356,
        "q75": -0.23743519186973572
      },
      "test": {
        "mean": -0.34321269392967224,
        "std": 0.17491543292999268,
        "min": -2.6588568687438965,
        "max": -0.13372288644313812,
        "median": -0.29971951246261597,
        "q25": -0.39329633116722107,
        "q75": -0.23475413024425507
      },
      "ood_easy": {
        "mean": -23.02585220336914,
        "std": 1.9073486328125e-06,
        "min": -23.025850296020508,
        "max": -23.025850296020508,
        "median": -23.025850296020508,
        "q25": -23.025850296020508,
        "q75": -23.025850296020508
      },
      "ood_medium": {
        "mean": -23.02585220336914,
        "std": 1.9073486328125e-06,
        "min": -23.025850296020508,
        "max": -23.025850296020508,
        "median": -23.025850296020508,
        "q25": -23.025850296020508,
        "q75": -23.025850296020508
      },
      "ood_hard": {
        "mean": -1.1528695821762085,
        "std": 0.3230334222316742,
        "min": -1.7359545230865479,
        "max": -0.7037955522537231,
        "median": -1.1041417121887207,
        "q25": -1.504949688911438,
        "q75": -0.8066138029098511
      },
      "ood_very_hard": {
        "mean": -0.7166458964347839,
        "std": 0.37120354175567627,
        "min": -3.0407052040100098,
        "max": -0.20619246363639832,
        "median": -0.6273397207260132,
        "q25": -0.8607029914855957,
        "q75": -0.46619659662246704
      }
    }
  },
  "neural_ode": {
    "model_name": "neural_ode",