mean_return,std_return,mean_length,std_length,seed
188.00839457926523,65.92560154163375,101.57,21.282506901208794,42
217.42926227567847,49.180535630858216,87.49,9.464137572964583,123
13.626313120014256,1.1273506305388314,24.03,0.6075360071633615,456
486.2715812660221,213.88783982745915,160.46,46.950488815346745,42
753.9179037203654,596.2911564142686,266.25,126.60777029866688,123
154.42267822343968,32.6527739397496,87.19,10.659920262365944,456
20.07464262134174,0.7476187724862708,56.6,0.6928203230275509,42
172.59216178538023,3.2227644977399907,70.11,0.8590110593001701,42
