mean_return,std_return,mean_length,std_length,seed
188.00839457926523,65.92560154163375,101.57,21.282506901208794,42
217.42926227567855,49.180535630858216,87.49,9.464137572964585,123
