mean_return,std_return,mean_length,std_length,seed
64.44593909636708,2.9113256975500073,40.74,1.4602739469017447,1
