mean_return,std_return,mean_length,std_length,seed
2.765784655901753,0.22962632301871314,7.0,0.0,1
