mean_return,std_return,mean_length,std_length,seed
557.2249781060589,216.57624890349246,199.16,53.296288801379035,1
