mean_return,std_return,mean_length,std_length,seed
51.41938983054931,0.6143722693998714,31.15,0.3570714214271424,1
