mean_return,std_return,mean_length,std_length,seed
370.89587861383114,9.250414378967564,188.01,4.14848164995339,1
