mean_return,std_return,mean_length,std_length,seed
98.11333316663136,4.479580712653835,58.21,1.6928969253915018,1
