mean_return,std_return,mean_length,std_length,seed
114.63238128445062,2.3587665852261743,81.49,1.9209112420931898,1
