mean_return,std_return,mean_length,std_length,seed
67.20614458850682,3.4392059221660563,43.39,1.5549598065544972,1
