mean_return,std_return,mean_length,std_length,seed
78.89623157806744,24.520661954058895,47.38,9.50029473227015,1
