mean_return,std_return,mean_length,std_length,seed
30.761528049235277,5.334449066765653,36.47,2.896394310172564,1
