mean_return,std_return,mean_length,std_length,seed
264.15908036669083,4.160102638849132,110.35,0.653834841531101,1
