mean_return,std_return,mean_length,std_length,seed
6500.413155797328,374.02327584780477,1000.0,0.0,1
