mean_return,std_return,mean_length,std_length,seed
278.71438376731925,180.41508676927333,183.29,119.37891731792513,42
