mean_return,std_return,mean_length,std_length,seed
49.47468893750375,0.9603726072018038,29.45,0.4974937185533099,42
