seed,mean_return,std_return,mean_length,std_length
1,-5.058479102313026,1.0707622477025138,24.799,1.8773915414745002
