seed,mean_return,std_return,mean_length,std_length
1,-2.098779686989054,1.3206024262964702,16.474,1.0292346671192145
