mean_return,std_return,mean_length,std_length,seed
4551.246996246215,2998.3961900726586,1000.0,0.0,1
