mean_return,std_return,mean_length,std_length,seed
7200.816893760918,3657.69183212734,1000.0,0.0,1
