mean_return,std_return,mean_length,std_length,seed
11302.7527864959,2348.093353652252,1000.0,0.0,1
