mean_return,std_return,mean_length,std_length,seed
6188.833681599482,3564.679411425198,1000.0,0.0,1
