mean_return,std_return,mean_length,std_length,seed
277.322971268976,130.88958985615727,118.92,32.296030715863516,1
