mean_return,std_return,mean_length,std_length,seed
169.64344431666018,195.25822861944442,202.75,116.73503116031623,1
