mean_return,std_return,mean_length,std_length,seed
1498.4602374733638,1013.5739268385094,438.42,239.87109788384254,1
