mean_return,std_return,mean_length,std_length,seed
-9.313909568660812,243.81205812470316,1000.0,0.0,123
-144.67742744476206,227.34500998666172,1000.0,0.0,456
