mean_return,std_return,mean_length,std_length,seed
-136.64752152159656,147.6351749782197,1000.0,0.0,1
