mean_return,std_return,mean_length,std_length,seed
5894.362312820072,1955.129746525675,1000.0,0.0,1
