mean_return,std_return,mean_length,std_length,seed
-306.8333296351452,63.59664182368069,1000.0,0.0,1
