mean_return,std_return,mean_length,std_length,seed
5226.545072137356,2392.0568162025324,1000.0,0.0,1
