mean_return,std_return,mean_length,std_length,seed
-241.81504087299197,24.45248432405517,1000.0,0.0,1
