mean_return,std_return,mean_length,std_length,seed
5949.929535801706,2497.8747341898406,1000.0,0.0,1
