mean_return,std_return,mean_length,std_length,seed
6931.9061307761085,2583.852566711105,1000.0,0.0,1
