mean_return,std_return,mean_length,std_length,seed
77.91270073269229,44.89673269800125,1000.0,0.0,1
