mean_return,std_return,mean_length,std_length,seed
1095.068185869443,1149.0039916964515,1000.0,0.0,1
