mean_return,std_return,mean_length,std_length,seed
5938.615277969412,1823.3501764910868,1000.0,0.0,1
