mean_return,std_return,mean_length,std_length,seed
3670.0654983269433,2424.111100782586,1000.0,0.0,1
