mean_return,std_return,mean_length,std_length,seed
-228.41407817664955,15.161734474524671,1000.0,0.0,1
