mean_return,std_return,mean_length,std_length,seed
7363.166043434043,1814.3654711125357,1000.0,0.0,1
