mean_return,std_return,mean_length,std_length,seed
61.499040987138535,3.018785261978465,41.13,1.3539202339872167,123
182.98561901825803,138.28973547924636,79.72,34.99716559951677,456
