mean_return,std_return,mean_length,std_length,seed
39.657368831394066,0.9110195680241966,22.7,0.5567764362830022,42
