mean_return,std_return,mean_length,std_length,seed
221.33204436435037,114.882881344925,127.05,38.63557298656253,1
