mean_return,std_return,mean_length,std_length,seed
-5.8212217893089715,0.06775408786825365,6.0,0.0,1
