mean_return,std_return,mean_length,std_length,seed
188.70198337766578,44.155742269540156,134.31,35.63023856221005,1
