mean_return,std_return,mean_length,std_length,seed
54.477128491739606,2.9398732518731605,124.74,7.828946289252468,1
