mean_return,std_return,mean_length,std_length,seed
83.17322621825576,8.439033244568602,113.1,18.361644806498138,1
