mean_return,std_return,mean_length,std_length,seed
-11.416173026931963,11.681806895554455,68.05,5.9133323938368285,1
