mean_return,std_return,mean_length,std_length,seed
296.7761971950889,117.19586540987125,121.85,36.772646083740014,1
