mean_return,std_return,mean_length,std_length,seed
152.00622921224618,42.06098048138749,76.43,15.25205232091734,1
