mean_return,std_return,mean_length,std_length,seed
6368.406333695665,3824.9222770255633,1000.0,0.0,1
