{
  "num_samples": 1000,
  "elbo_mean": -14.311232566833496,
  "elbo_std": 16.942258834838867,
  "nll_mean": 14.311232566833496,
  "nll_std": 16.942258834838867,
  "percentile_1.0_logp": -66.72344970703125,
  "threshold": -66.72344970703125
}