mean_return,std_return,mean_length,std_length,seed
6604.7227876529305,3513.279823986794,1000.0,0.0,42
8829.942,4087.607,0.0,0.0,123
7661.073035386936,4130.865132662853,1000.0,0.0,456
