mean_return,std_return,mean_length,std_length,seed
10863.38729368288,2036.027888188161,1000.0,0.0,42
9647.2661714067,3304.6860139646083,1000.0,0.0,123
10574.15751594808,2715.3206833937734,1000.0,0.0,456
6604.7227876529305,3513.279823986794,1000.0,0.0,42
8829.942,4087.607,0.0,0.0,123
7661.073035386936,4130.865132662853,1000.0,0.0,456
6683.790701270154,3334.660831851204,1000.0,0.0,42
9151.960118540232,3942.6329256729305,1000.0,0.0,123
7914.080385793812,4037.341516746534,1000.0,0.0,456
