mean_return,std_return,mean_length,std_length,seed
10863.38729368288,2036.027888188161,1000.0,0.0,42
9647.2661714067,3304.6860139646083,1000.0,0.0,123
10574.15751594808,2715.3206833937734,1000.0,0.0,456
