mean_return,std_return,mean_length,std_length,seed
10863.387293682881,2036.0278881881607,1000.0,0.0,42
