mean_return,std_return,mean_length,std_length,seed
9776.68486496828,3263.8950852353364,1000.0,0.0,1
