mean_return,std_return,mean_length,std_length,seed
10622.55821432496,1659.4645613355237,1000.0,0.0,1
