mean_return,std_return,mean_length,std_length,seed
10464.752628885397,3036.699253603596,1000.0,0.0,1
