mean_return,std_return,mean_length,std_length,seed
10503.238199179325,2964.8531271927823,1000.0,0.0,1
