mean_return,std_return,mean_length,std_length,seed
8430.007702234177,3467.955458511102,1000.0,0.0,1
