mean_return,std_return,mean_length,std_length,seed
9977.848884175692,2669.5464240641973,1000.0,0.0,1
