mean_return,std_return,mean_length,std_length,seed
4780.011310126255,225.28860421885275,1000.0,0.0,1
