mean_return,std_return,mean_length,std_length,seed
-13.250261947022144,0.1280554775337649,11.0,0.0,42
656.3316590834842,208.5643198537093,370.46,77.60907421171831,123
279.7521320553333,133.45447921122474,173.29,48.27531356708106,456
