mean_return,std_return,mean_length,std_length,seed
-13.250261947022143,0.12805547753376498,11.0,0.0,42
