mean_return,std_return,mean_length,std_length,seed
-5.364123634266312,0.070502805091051,6.0,0.0,42
-7.281612790092726,0.0654488056457845,6.0,0.0,123
-4.736603760986166,0.07054498591662285,7.0,0.0,456
