mean_return,std_return,mean_length,std_length,seed
829.5034426743382,19.248500397014862,252.31,4.319016091657915,42
