mean_return,std_return,mean_length,std_length,seed
390.620193066643,420.4124597394356,400.71,392.5857943176243,1
