mean_return,std_return,mean_length,std_length,seed
-283.09967388583965,74.33958906713406,1000.0,0.0,1
