mean_return,std_return,mean_length,std_length,seed
-1.2415221436884432,0.6977887626179764,1000.0,0.0,1
