mean_return,std_return,mean_length,std_length,seed
-373.2475936630839,80.52730432314065,1000.0,0.0,1
