mean_return,std_return,mean_length,std_length,seed
7831.164779312851,1593.1870866595505,1000.0,0.0,1
