mean_return,std_return,mean_length,std_length,seed
-423.66808106509524,76.58599880452456,1000.0,0.0,1
