mean_return,std_return,mean_length,std_length,seed
5.58287007117896,0.7977042275621786,14.49,0.5195190083144215,1
