mean_return,std_return,mean_length,std_length,seed
364.9281127494062,247.25289203221428,204.21,64.50167362169759,1
