mean_return,std_return,mean_length,std_length,seed
-32.821777177528745,9.148940402065188,83.82,7.9124964454968305,1
