mean_return,std_return,mean_length,std_length,seed
82.9528418530212,58.64397311066063,62.43,21.745461595468605,1
