mean_return,std_return,mean_length,std_length,seed
60.49974141890877,12.432988942891642,70.23,9.678693093594816,1
