{
  "num_samples": 1000,
  "elbo_mean": 0.8887840509414673,
  "elbo_std": 13.9669189453125,
  "nll_mean": -0.8887840509414673,
  "nll_std": 13.9669189453125,
  "percentile_1.0_logp": -33.871826171875,
  "threshold": -33.871826171875
}