mean_return,std_return,mean_length,std_length,seed
406.2782362048866,91.3311337665585,210.38,19.625891062573434,42
