mean_return,std_return,mean_length,std_length,seed
406.2782362048866,91.3311337665585,210.38,19.62589106257344,42
34.64225159894667,2.7049452527965903,74.54,1.152562362737913,123
-21.54012083073142,21.9848439228678,135.19,23.109173503178344,456
