mean_return,std_return,mean_length,std_length,seed
636.0406217952849,83.48346495069039,229.95,17.09290788602103,1
