mean_return,std_return,mean_length,std_length,seed
-29.177510935277155,60.933315494643594,1000.0,0.0,1
