mean_return,std_return,mean_length,std_length,seed
5974.66678441809,1954.7907159383947,1000.0,0.0,1
