mean_return,std_return,mean_length,std_length,seed
333.0097898697955,792.0486584305071,1000.0,0.0,1
