mean_return,std_return,mean_length,std_length,seed
6942.250811916072,1480.3269204487697,1000.0,0.0,1
