mean_return,std_return,mean_length,std_length,seed
7286.651388024374,1855.3852208570815,1000.0,0.0,1
