mean_return,std_return,mean_length,std_length,seed
-276.35278316918675,160.7845432814412,1000.0,0.0,1
