mean_return,std_return,mean_length,std_length,seed
4432.780849293257,2578.506811940922,1000.0,0.0,1
