mean_return,std_return,mean_length,std_length,seed
7970.953438770806,1295.9454097006274,1000.0,0.0,1
