mean_return,std_return,mean_length,std_length,seed
6142.864099085854,2107.200298598728,1000.0,0.0,1
