mean_return,std_return,mean_length,std_length,seed
6525.781744525971,2105.691193800125,1000.0,0.0,1
