mean_return,std_return,mean_length,std_length,seed
6651.339838301114,529.123567955326,1000.0,0.0,1
