mean_return,std_return,mean_length,std_length,seed
6281.937310088238,1778.3451714635044,1000.0,0.0,1
