mean_return,std_return,mean_length,std_length,seed
4780.119600018589,2395.5723007567417,1000.0,0.0,1
