mean_return,std_return,mean_length,std_length,seed
6195.539382097627,2500.0797125746244,1000.0,0.0,1
