mean_return,std_return,mean_length,std_length,seed
6993.808130902765,2786.801512602542,1000.0,0.0,1
