mean_return,std_return,mean_length,std_length,seed
399.2202543337044,1073.7711729695252,1000.0,0.0,1
