mean_return,std_return,mean_length,std_length,seed
-235.05568803915696,72.59969036268147,1000.0,0.0,1
