mean_return,std_return,mean_length,std_length,seed
6298.922821538687,2157.0768225773604,1000.0,0.0,1
