mean_return,std_return,mean_length,std_length,seed
-257.94131339350594,72.37618607671641,1000.0,0.0,1
