mean_return,std_return,mean_length,std_length,seed
-366.2113818027774,103.01173528356072,1000.0,0.0,1
