mean_return,std_return,mean_length,std_length,seed
2223.311292621429,1768.6331364921612,1000.0,0.0,1
