mean_return,std_return,mean_length,std_length,seed
4291.463877491814,2509.5024015824197,1000.0,0.0,1
