mean_return,std_return,mean_length,std_length,seed
5849.183668490547,2276.635356912713,1000.0,0.0,1
