mean_return,std_return,mean_length,std_length,seed
7933.747418142015,2109.4108433941105,1000.0,0.0,1
