mean_return,std_return,mean_length,std_length,seed
10018.618149690188,3644.284377172629,1000.0,0.0,42
8688.677637090203,3897.964977387636,1000.0,0.0,123
9058.04175929596,3933.6903789302014,1000.0,0.0,456
