mean_return,std_return,mean_length,std_length,seed
7296.332038088819,3546.7274612454967,1000.0,0.0,42
