mean_return,std_return,mean_length,std_length,seed
10705.825591036204,2620.6300548323393,1000.0,0.0,1
