mean_return,std_return,mean_length,std_length,seed
9592.95472076471,3388.5422614645854,1000.0,0.0,1
