mean_return,std_return,mean_length,std_length,seed
8148.957160954451,3592.0796253378494,1000.0,0.0,1
