mean_return,std_return,mean_length,std_length,seed
11097.091544708652,1620.8755819337225,1000.0,0.0,1
