mean_return,std_return,mean_length,std_length,seed
219.36489347587863,81.12897743530922,138.79,42.60359022429917,42
303.2835179824626,159.4273623504596,197.42,64.0047154512853,123
357.5524182079362,340.7288080008561,340.1,324.4189729346914,456
