mean_return,std_return,mean_length,std_length,seed
219.36489347587863,81.12897743530922,138.79,42.60359022429917,42
