mean_return,std_return,mean_length,std_length,seed,threshold_percentile,density_model
17.764053940722235,1.0046134650975789,32.46,0.78,42,,kde
155.55488808075745,17.709025146124063,87.93,7.804171961201265,123,,kde
17.694636918754913,0.9403165673185724,32.43,0.7246378405796926,42,,kde
156.67878135137335,20.66159360846522,88.45,8.868342573446292,123,,kde
