mean_return,std_return,mean_length,std_length,seed,threshold_percentile,density_model
1065.850243890777,209.02265310670364,278.88,35.960611785674615,42,,neuralODE
143.82544944557142,3.239736807707238,69.14,1.149086593777858,123,,neuralODE
242.2711129290827,3.2252495747218193,105.52,1.417603611733548,42,,neuralODE
