mean_return,std_return,mean_length,std_length,seed,threshold_percentile,density_model
85.9108023050563,37.490681489419146,197.03,24.752557443625903,42,,diffusion
19.85286985014752,1.5194100603940586,28.07,0.5339475629684998,123,,diffusion
-13.967583823297996,0.1415733603843081,11.0,0.0,42,,diffusion
2046.910479954666,999.2766494435783,471.2,197.8653077221977,123,,diffusion
