{
  "realnvp": {
    "model_name": "realnvp",
    "metrics": {
      "train_correlation": 0.9416374722725599,
      "val_correlation": 0.9275948817393034,
      "test_correlation": 0.9419075668976138,
      "ood_easy_correlation": 0.05379689339634631,
      "ood_medium_correlation": 0.06956739063369365,
      "ood_hard_correlation": 0.41327521840532844,
      "ood_very_hard_correlation": 0.7566009744290032,
      "easy_auroc": 1.0,
      "easy_auprc": 1.0,
      "medium_auroc": 1.0,
      "medium_auprc": 1.0,
      "hard_auroc": 0.68762625,
      "hard_auprc": 0.8044726399010046,
      "very_hard_auroc": 0.941093,
      "very_hard_auprc": 0.966843097075005
    },
    "score_statistics": {
      "train": {
        "mean": -7.152401447296143,
        "std": 1.3288028240203857,
        "min": -17.462661743164062,
        "max": -5.231234550476074,
        "median": -6.822761535644531,
        "q25": -7.762815475463867,
        "q75": -6.195974826812744
      },
      "val": {
        "mean": -7.220552921295166,
        "std": 1.4990129470825195,
        "min": -26.089611053466797,
        "max": -5.264161109924316,
        "median": -6.840970039367676,
        "q25": -7.852381706237793,
        "q75": -6.1810302734375
      },
      "test": {
        "mean": -7.209456920623779,
        "std": 1.3791553974151611,
        "min": -16.460031509399414,
        "max": -5.255908489227295,
        "median": -6.854945659637451,
        "q25": -7.815582275390625,
        "q75": -6.234777450561523
      },
      "ood_easy": {
        "mean": -155559.96875,
        "std": 570786.9375,
        "min": -7938513.0,
        "max": -119.18473815917969,
        "median": -10491.8583984375,
        "q25": -68713.3671875,
        "q75": -3686.4013671875
      },
      "ood_medium": {
        "mean": -3021.678955078125,
        "std": 3635.650146484375,
        "min": -23531.775390625,
        "max": -94.86943817138672,
        "median": -1549.649658203125,
        "q25": -4286.37744140625,
        "q75": -346.5635070800781
      },
      "ood_hard": {
        "mean": -9.294063568115234,
        "std": 3.2016232013702393,
        "min": -17.583389282226562,
        "max": -5.760458946228027,
        "median": -7.807079315185547,
        "q25": -12.713586807250977,
        "q75": -6.635992050170898
      },
      "ood_very_hard": {
        "mean": -12.485136985778809,
        "std": 5.198502063751221,
        "min": -68.04681396484375,
        "max": -5.812206745147705,
        "median": -11.582663536071777,
        "q25": -13.78121566772461,
        "q75": -9.65902328491211
      }
    }
  },
  "vae": {
    "model_name": "vae",
    "metrics": {
      "train_correlation": 0.40200405630698494,
      "val_correlation": 0.4204716339804679,
      "test_correlation": 0.43925573154138503,
      "ood_easy_correlation": 0.7068521354919707,
      "ood_medium_correlation": 0.4902421591840386,
      "ood_hard_correlation": 0.46075061924581456,
      "ood_very_hard_correlation": 0.7198240717281339,
      "easy_auroc": 1.0,
      "easy_auprc": 1.0,
      "medium_auroc": 1.0,
      "medium_auprc": 1.0,
      "hard_auroc": 0.7342005,
      "hard_auprc": 0.8061685431830763,
      "very_hard_auroc": 0.8211845000000001,
      "very_hard_auprc": 0.8807026034164692
    },
    "score_statistics": {
      "train": {
        "mean": -2.173971176147461,
        "std": 1.953981637954712,
        "min": -88.20238494873047,
        "max": -0.018626494333148003,
        "median": -1.7713022232055664,
        "q25": -2.8409228324890137,
        "q75": -1.0011341571807861
      },
      "val": {
        "mean": -2.2250328063964844,
        "std": 1.9209555387496948,
        "min": -33.04431915283203,
        "max": -0.0365426242351532,
        "median": -1.8010345697402954,
        "q25": -2.9170100688934326,
        "q75": -1.028336763381958
      },
      "test": {
        "mean": -2.160842180252075,
        "std": 1.7777575254440308,
        "min": -27.95030975341797,
        "max": -0.07391633093357086,
        "median": -1.7636140584945679,
        "q25": -2.8479413986206055,
        "q75": -0.9947237968444824
      },
      "ood_easy": {
        "mean": -4231.35400390625,
        "std": 3024.1298828125,
        "min": -16589.47265625,
        "max": -45.667274475097656,
        "median": -3386.05615234375,
        "q25": -5861.80712890625,
        "q75": -1927.57568359375
      },
      "ood_medium": {
        "mean": -416.51458740234375,
        "std": 141.21878051757812,
        "min": -1027.4129638671875,
        "max": -144.00704956054688,
        "median": -392.8885498046875,
        "q25": -490.1604309082031,
        "q75": -312.4334716796875
      },
      "ood_hard": {
        "mean": -5.139687538146973,
        "std": 3.9507288932800293,
        "min": -20.575241088867188,
        "max": -0.09753735363483429,
        "median": -3.9213643074035645,
        "q25": -8.086774826049805,
        "q75": -1.8129241466522217
      },
      "ood_very_hard": {
        "mean": -5.4372968673706055,
        "std": 3.6058292388916016,
        "min": -24.04909896850586,
        "max": -0.13246427476406097,
        "median": -4.734963417053223,
        "q25": -7.336199760437012,
        "q75": -2.8173272609710693
      }
    }
  },
  "kde": {
    "model_name": "kde",
    "metrics": {
      "train_correlation": 0.8440900176355278,
      "val_correlation": 0.8313169225004069,
      "test_correlation": 0.8409831714101583,
      "ood_easy_correlation": 0.08340922354569144,
      "ood_medium_correlation": 0.5624620588929683,
      "ood_hard_correlation": 0.5901369477652267,
      "ood_very_hard_correlation": 0.7014827981004509,
      "easy_auroc": 1.0,
      "easy_auprc": 1.0,
      "medium_auroc": 1.0,
      "medium_auprc": 1.0,
      "hard_auroc": 0.8771855,
      "hard_auprc": 0.942240610653323,
      "very_hard_auroc": 0.9470165,
      "very_hard_auprc": 0.9742597330759948
    },
    "score_statistics": {
      "train": {
        "mean": -0.09455669671297073,
        "std": 0.07840514928102493,
        "min": -1.354986548423767,
        "max": -0.02778288908302784,
        "median": -0.07017162442207336,
        "q25": -0.10739310085773468,
        "q75": -0.05121774971485138
      },
      "val": {
        "mean": -0.09728201478719711,
        "std": 0.08475911617279053,
        "min": -1.3554251194000244,
        "max": -0.030361542478203773,
        "median": -0.0706884115934372,
        "q25": -0.111083984375,
        "q75": -0.05153921991586685
      },
      "test": {
        "mean": -0.0964590311050415,
        "std": 0.07961968332529068,
        "min": -1.0529693365097046,
        "max": -0.028895441442728043,
        "median": -0.07215632498264313,
        "q25": -0.10930167138576508,
        "q75": -0.053153399378061295
      },
      "ood_easy": {
        "mean": -22.991863250732422,
        "std": 0.6037827730178833,
        "min": -23.025850296020508,
        "max": -9.808806419372559,
        "median": -23.025850296020508,
        "q25": -23.025850296020508,
        "q75": -23.025850296020508
      },
      "ood_medium": {
        "mean": -20.358993530273438,
        "std": 3.5995044708251953,
        "min": -23.025850296020508,
        "max": -7.769442081451416,
        "median": -22.36803436279297,
        "q25": -23.023229598999023,
        "q75": -18.483692169189453
      },
      "ood_hard": {
        "mean": -0.24016344547271729,
        "std": 0.1334444135427475,
        "min": -0.6791572570800781,
        "max": -0.07009471207857132,
        "median": -0.2213481366634369,
        "q25": -0.3322935700416565,
        "q75": -0.10777640342712402
      },
      "ood_very_hard": {
        "mean": -0.4210258722305298,
        "std": 0.304495632648468,
        "min": -1.9884530305862427,
        "max": -0.048981938511133194,
        "median": -0.336487352848053,
        "q25": -0.5241940021514893,
        "q75": -0.20614176988601685
      }
    }
  },