{
  "realnvp": {
    "model_name": "realnvp",
    "metrics": {
      "train_correlation": 0.944990324273244,
      "val_correlation": 0.9431792550978932,
      "test_correlation": 0.9429653828109124,
      "ood_easy_correlation": 0.15685968374152065,
      "ood_medium_correlation": 0.1792502171063901,
      "ood_hard_correlation": 0.13990163359382174,
      "ood_very_hard_correlation": 0.10942990077791503,
      "easy_auroc": 1.0,
      "easy_auprc": 1.0,
      "medium_auroc": 1.0,
      "medium_auprc": 1.0,
      "hard_auroc": 1.0,
      "hard_auprc": 1.0,
      "very_hard_auroc": 1.0,
      "very_hard_auprc": 1.0
    },
    "score_statistics": {
      "train": {
        "mean": -7.1370062828063965,
        "std": 1.4008680582046509,
        "min": -17.387601852416992,
        "max": -5.1578688621521,
        "median": -6.780741214752197,
        "q25": -7.769721984863281,
        "q75": -6.147402286529541
      },
      "val": {
        "mean": -7.203788757324219,
        "std": 1.5136407613754272,
        "min": -17.53304672241211,
        "max": -5.178567886352539,
        "median": -6.80732536315918,
        "q25": -7.855034351348877,
        "q75": -6.140281677246094
      },
      "test": {
        "mean": -7.202520847320557,
        "std": 1.5208616256713867,
        "min": -20.350250244140625,
        "max": -5.184019088745117,
        "median": -6.80496883392334,
        "q25": -7.820685386657715,
        "q75": -6.177704811096191
      },
      "ood_easy": {
        "mean": -116863.7890625,
        "std": 199392.734375,
        "min": -1950823.625,
        "max": -132.0159454345703,
        "median": -29741.28125,
        "q25": -139373.609375,
        "q75": -5840.353515625
      },
      "ood_medium": {
        "mean": -588002.125,
        "std": 1289586.375,
        "min": -29680156.0,
        "max": -227.47671508789062,
        "median": -175057.1875,
        "q25": -752584.875,
        "q75": -37220.3125
      },
      "ood_hard": {
        "mean": -1930482.5,
        "std": 5582247.0,
        "min": -101023400.0,
        "max": -130.93727111816406,
        "median": -474828.1875,
        "q25": -2161894.5,
        "q75": -101834.53125
      },
      "ood_very_hard": {
        "mean": -3264749.0,
        "std": 8662673.0,
        "min": -142497472.0,
        "max": -2319.88232421875,
        "median": -870429.0,
        "q25": -3934221.5,
        "q75": -201357.59375
      }
    }
  },
  "vae": {
    "model_name": "vae",
    "metrics": {
      "train_correlation": 0.5228512033617417,
      "val_correlation": 0.5329667088355402,
      "test_correlation": 0.5344828395560438,
      "ood_easy_correlation": 0.7352727942851083,
      "ood_medium_correlation": 0.6266446504243552,
      "ood_hard_correlation": 0.40928268943645424,
      "ood_very_hard_correlation": 0.017827585617560468,
      "easy_auroc": 1.0,
      "easy_auprc": 1.0,
      "medium_auroc": 1.0,
      "medium_auprc": 1.0,
      "hard_auroc": 1.0,
      "hard_auprc": 1.0,
      "very_hard_auroc": 1.0,
      "very_hard_auprc": 1.0
    },
    "score_statistics": {
      "train": {
        "mean": -2.04733943939209,
        "std": 1.520630955696106,
        "min": -30.316173553466797,
        "max": -0.008122678846120834,
        "median": -1.688148021697998,
        "q25": -2.735811710357666,
        "q75": -0.9557477235794067
      },
      "val": {
        "mean": -2.0288379192352295,
        "std": 1.5225529670715332,
        "min": -12.488666534423828,
        "max": -0.05638528987765312,
        "median": -1.6667160987854004,
        "q25": -2.6694769859313965,
        "q75": -0.9456008672714233
      },
      "test": {
        "mean": -2.0104820728302,
        "std": 1.4669989347457886,
        "min": -13.225549697875977,
        "max": -0.01310284249484539,
        "median": -1.6790797710418701,
        "q25": -2.728762149810791,
        "q75": -0.9401829242706299
      },
      "ood_easy": {
        "mean": -4382.64990234375,
        "std": 3235.11865234375,
        "min": -18603.25,
        "max": -55.71598434448242,
        "median": -3479.52978515625,
        "q25": -6124.1455078125,
        "q75": -1934.04296875
      },
      "ood_medium": {
        "mean": -16346.6591796875,
        "std": 12911.45703125,
        "min": -146381.71875,
        "max": -255.8390350341797,
        "median": -13565.6513671875,
        "q25": -21557.51953125,
        "q75": -7713.96533203125
      },
      "ood_hard": {
        "mean": -38880.953125,
        "std": 40848.56640625,
        "min": -993096.8125,
        "max": -97.75575256347656,
        "median": -30719.005859375,
        "q25": -52741.9296875,
        "q75": -17518.9453125
      },
      "ood_very_hard": {
        "mean": -8989729792.0,
        "std": 275846397952.0,
        "min": -8723847708672.0,
        "max": -2345.3994140625,
        "median": -56493.3203125,
        "q25": -93892.625,
        "q75": -30945.85546875
      }
    }
  },
  "kde": {
    "model_name": "kde",
    "metrics": {
      "train_correlation": 0.8440900176355278,
      "val_correlation": 0.8313169225004069,
      "test_correlation": 0.8409831714101583,
      "ood_easy_correlation": 0.08340922354569144,
      "ood_medium_correlation": 0.052152505564879464,
      "ood_hard_correlation": 0.05431950703135148,
      "ood_very_hard_correlation": NaN,
      "easy_auroc": 1.0,
      "easy_auprc": 1.0,
      "medium_auroc": 1.0,
      "medium_auprc": 1.0,
      "hard_auroc": 1.0,
      "hard_auprc": 1.0,
      "very_hard_auroc": 1.0,
      "very_hard_auprc": 1.0
    },
    "score_statistics": {
      "train": {
        "mean": -0.09455669671297073,
        "std": 0.07840514928102493,
        "min": -1.354986548423767,
        "max": -0.02778288908302784,
        "median": -0.07017162442207336,
        "q25": -0.10739310085773468,
        "q75": -0.05121774971485138
      },
      "val": {
        "mean": -0.09728201478719711,
        "std": 0.08475911617279053,
        "min": -1.3554251194000244,
        "max": -0.030361542478203773,
        "median": -0.0706884115934372,
        "q25": -0.111083984375,
        "q75": -0.05153921991586685
      },
      "test": {
        "mean": -0.0964590311050415,
        "std": 0.07961968332529068,
        "min": -1.0529693365097046,
        "max": -0.028895441442728043,
        "median": -0.07215632498264313,
        "q25": -0.10930167138576508,
        "q75": -0.053153399378061295
      },
      "ood_easy": {
        "mean": -22.991863250732422,
        "std": 0.6037827730178833,
        "min": -23.025850296020508,
        "max": -9.808806419372559,
        "median": -23.025850296020508,
        "q25": -23.025850296020508,
        "q75": -23.025850296020508
      },
      "ood_medium": {
        "mean": -23.02584457397461,
        "std": 0.0002751591382548213,
        "min": -23.025850296020508,
        "max": -23.01714515686035,
        "median": -23.025850296020508,
        "q25": -23.025850296020508,
        "q75": -23.025850296020508
      },
      "ood_hard": {
        "mean": -23.01418113708496,
        "std": 0.3688453733921051,
        "min": -23.025850296020508,
        "max": -11.356099128723145,
        "median": -23.025850296020508,
        "q25": -23.025850296020508,
        "q75": -23.025850296020508
      },
      "ood_very_hard": {
        "mean": -23.02585220336914,
        "std": 1.9073486328125e-06,
        "min": -23.025850296020508,
        "max": -23.025850296020508,
        "median": -23.025850296020508,
        "q25": -23.025850296020508,
        "q75": -23.025850296020508
      }
    }
  },
  "neural_ode": {
    "model_name": "neural_ode",
    "metrics": {
      "train_correlation": 0.9794930765110628,
      "val_correlation": 0.9783102624055988,
      "test_correlation": 0.977092481344388,
      "ood_easy_correlation": 0.6308092325893576,
      "ood_medium_correlation": 0.6074660556426085,
      "ood_hard_correlation": 0.5682120978001705,