mean_return,std_return,mean_length,std_length,seed
-3.754482394088482,3.0107093161551104,43.52,8.435022228779246,1
