mean_return,std_return,mean_length,std_length,seed
245.2572164571328,65.73944799562997,102.27,18.598846738440532,1
