mean_return,std_return,mean_length,std_length,seed
6925.21428109496,1117.3514570093955,1000.0,0.0,1
