mean_return,std_return,mean_length,std_length,seed
-41.68319706036298,10.160646082569997,85.16,7.289334674714833,42
