mean_return,std_return,mean_length,std_length,seed,threshold_percentile,density_model
38.75534235923834,0.9984943642741282,22.04,0.6151422599691879,42,,neuralODE
425.1508395236116,5.030837158732779,359.41,5.383484002019511,123,,neuralODE
38.83301245876991,0.8397573371452991,22.1,0.4795831523312719,42,,neuralODE
1010.3124219720019,38.110662314166966,275.45,8.027920029497055,123,,neuralODE
