mean_return,std_return,mean_length,std_length,seed
4573.729740304374,3058.847553062603,1000.0,0.0,1
