mean_return,std_return,mean_length,std_length,seed
6402.142356974882,2173.154363522952,1000.0,0.0,1
