mean_return,std_return,mean_length,std_length,seed
6425.435148079622,1631.144557689357,1000.0,0.0,1
