mean_return,std_return,mean_length,std_length,seed
-284.03270770394187,80.60712425670039,1000.0,0.0,1
