mean_return,std_return,mean_length,std_length,seed
4936.423513075155,2500.6813300975605,1000.0,0.0,1
