mean_return,std_return,mean_length,std_length,seed
-336.441328246747,102.35280603906166,1000.0,0.0,1
