mean_return,std_return,mean_length,std_length,seed
6612.932919581066,1247.1528258380627,1000.0,0.0,1
