mean_return,std_return,mean_length,std_length,seed
1089.9594653393176,1587.6994318241625,1000.0,0.0,1
