mean_return,std_return,mean_length,std_length,seed
6480.242481247255,2070.083674673273,1000.0,0.0,1
