mean_return,std_return,mean_length,std_length,seed
7404.224066381728,916.1649328304761,1000.0,0.0,1
