mean_return,std_return,mean_length,std_length,seed
6887.9323291675355,1392.064443274879,1000.0,0.0,1
