mean_return,std_return,mean_length,std_length,seed
4165.085298238599,3044.7868373976694,1000.0,0.0,42
