mean_return,std_return,mean_length,std_length,seed
4684.41490061679,4122.298346720157,1000.0,0.0,1
