mean_return,std_return,mean_length,std_length,seed
8454.11784315263,3830.341424139351,1000.0,0.0,1
