mean_return,std_return,mean_length,std_length,seed
2562.552718290023,4001.271676262037,1000.0,0.0,1
