mean_return,std_return,mean_length,std_length,seed
1076.0908669360529,81.4669629763709,320.39,16.774918777746734,42
2511.4493276778894,360.61626894813617,979.12,101.73546874124088,123
2952.2134387000087,21.300969825375905,1000.0,0.0,456
