mean_return,std_return,mean_length,std_length,seed
1076.0908669360529,81.4669629763709,320.39,16.774918777746734,42
